Generation,Solution No.,before normarized,After normarized,,Gene row
1,0,0,0,,0,1,1,0,1,0,1,0,0,1,0,1,1,0,0,1,0,1,1,1,1,0,
1,1,0,0,,1,1,0,1,1,0,0,1,1,0,0,1,1,0,1,0,1,0,1,0,0,1,
1,2,0,0,,0,1,1,1,1,0,0,1,1,1,0,0,1,0,0,1,1,0,1,0,1,0,
1,3,0,0,,1,0,0,0,1,1,0,0,1,1,1,0,1,0,1,0,1,0,0,0,0,0,
1,4,0,0,,1,1,1,0,0,1,0,0,1,1,0,1,1,0,1,0,1,0,0,1,0,1,
1,5,0,0,,1,1,1,0,1,0,0,1,1,0,1,1,1,1,0,1,1,0,0,1,1,0,
1,6,0,0,,0,0,1,0,1,1,0,0,0,0,1,1,1,0,0,1,1,1,1,0,0,0,
1,7,0,0,,1,1,1,0,0,0,0,0,1,0,1,1,1,0,1,1,1,0,0,1,0,0,
Generation,Solution No.,before normarized,After normarized,,Gene row
1,0,0,0,,0,1,1,0,1,0,1,0,0,1,0,1,1,0,0,1,0,1,1,1,1,0,
1,1,0,0,,1,1,0,1,1,0,0,1,1,0,0,1,1,0,1,0,1,0,1,0,0,1,
1,2,0,0,,0,1,1,1,1,0,0,1,1,1,0,0,1,0,0,1,1,0,1,0,1,0,
1,3,0,0,,1,0,0,0,1,1,0,0,1,1,1,0,1,0,1,0,1,0,0,0,0,0,
1,4,0,0,,1,1,1,0,0,1,0,0,1,1,0,1,1,0,1,0,1,0,0,1,0,1,
1,5,0,0,,1,1,1,0,1,0,0,1,1,0,1,1,1,1,0,1,1,0,0,1,1,0,
1,6,0,0,,0,0,1,0,1,1,0,0,0,0,1,1,1,0,0,1,1,1,1,0,0,0,
1,7,0,0,,1,1,1,0,0,0,0,0,1,0,1,1,1,0,1,1,1,0,0,1,0,0,
Generation,Solution No.,before normarized,After normarized,,Gene row
1,0,0,0,,0,1,1,0,1,0,1,0,0,1,0,1,1,0,0,1,0,1,1,1,1,0,
1,1,0,0,,1,1,0,1,1,0,0,1,1,0,0,1,1,0,1,0,1,0,1,0,0,1,
1,2,0,0,,0,1,1,1,1,0,0,1,1,1,0,0,1,0,0,1,1,0,1,0,1,0,
1,3,0,0,,1,0,0,0,1,1,0,0,1,1,1,0,1,0,1,0,1,0,0,0,0,0,
1,4,0,0,,1,1,1,0,0,1,0,0,1,1,0,1,1,0,1,0,1,0,0,1,0,1,
1,5,0,0,,1,1,1,0,1,0,0,1,1,0,1,1,1,1,0,1,1,0,0,1,1,0,
1,6,0,0,,0,0,1,0,1,1,0,0,0,0,1,1,1,0,0,1,1,1,1,0,0,0,
1,7,0,0,,1,1,1,0,0,0,0,0,1,0,1,1,1,0,1,1,1,0,0,1,0,0,
Generation,Solution No.,before normarized,After normarized,,Gene row
1,0,0,0,,0,1,1,0,1,0,1,0,0,1,0,1,1,0,0,1,0,1,1,1,1,0,
1,1,0,0,,1,1,0,1,1,0,0,1,1,0,0,1,1,0,1,0,1,0,1,0,0,1,
1,2,0,0,,0,1,1,1,1,0,0,1,1,1,0,0,1,0,0,1,1,0,1,0,1,0,
1,3,0,0,,1,0,0,0,1,1,0,0,1,1,1,0,1,0,1,0,1,0,0,0,0,0,
1,4,0,0,,1,1,1,0,0,1,0,0,1,1,0,1,1,0,1,0,1,0,0,1,0,1,
1,5,0,0,,1,1,1,0,1,0,0,1,1,0,1,1,1,1,0,1,1,0,0,1,1,0,
1,6,0,0,,0,0,1,0,1,1,0,0,0,0,1,1,1,0,0,1,1,1,1,0,0,0,
1,7,0,0,,1,1,1,0,0,0,0,0,1,0,1,1,1,0,1,1,1,0,0,1,0,0,
Generation,Solution No.,before normarized,After normarized,,Gene row
1,0,0,0,,0,1,1,0,1,0,1,0,0,1,0,1,1,0,0,1,0,1,1,1,1,0,
1,1,0,0,,1,1,0,1,1,0,0,1,1,0,0,1,1,0,1,0,1,0,1,0,0,1,
1,2,0,0,,0,1,1,1,1,0,0,1,1,1,0,0,1,0,0,1,1,0,1,0,1,0,
1,3,0,0,,1,0,0,0,1,1,0,0,1,1,1,0,1,0,1,0,1,0,0,0,0,0,
1,4,0,0,,1,1,1,0,0,1,0,0,1,1,0,1,1,0,1,0,1,0,0,1,0,1,
1,5,0,0,,1,1,1,0,1,0,0,1,1,0,1,1,1,1,0,1,1,0,0,1,1,0,
1,6,0,0,,0,0,1,0,1,1,0,0,0,0,1,1,1,0,0,1,1,1,1,0,0,0,
1,7,0,0,,1,1,1,0,0,0,0,0,1,0,1,1,1,0,1,1,1,0,0,1,0,0,
Generation,Solution No.,before normarized,After normarized,,Gene row
1,0,0,0,,0,1,1,0,1,0,1,0,0,1,0,1,1,0,0,1,0,1,1,1,1,0,
1,1,0,0,,1,1,0,1,1,0,0,1,1,0,0,1,1,0,1,0,1,0,1,0,0,1,
1,2,0,0,,0,1,1,1,1,0,0,1,1,1,0,0,1,0,0,1,1,0,1,0,1,0,
1,3,0,0,,1,0,0,0,1,1,0,0,1,1,1,0,1,0,1,0,1,0,0,0,0,0,
1,4,0,0,,1,1,1,0,0,1,0,0,1,1,0,1,1,0,1,0,1,0,0,1,0,1,
1,5,0,0,,1,1,1,0,1,0,0,1,1,0,1,1,1,1,0,1,1,0,0,1,1,0,
1,6,0,0,,0,0,1,0,1,1,0,0,0,0,1,1,1,0,0,1,1,1,1,0,0,0,
1,7,0,0,,1,1,1,0,0,0,0,0,1,0,1,1,1,0,1,1,1,0,0,1,0,0,
Generation,Solution No.,before normarized,After normarized,,Gene row
1,0,0,0,,0,1,1,0,1,0,1,0,0,1,0,1,1,0,0,1,0,1,1,1,1,0,
1,1,0,0,,1,1,0,1,1,0,0,1,1,0,0,1,1,0,1,0,1,0,1,0,0,1,
1,2,0,0,,0,1,1,1,1,0,0,1,1,1,0,0,1,0,0,1,1,0,1,0,1,0,
1,3,0,0,,1,0,0,0,1,1,0,0,1,1,1,0,1,0,1,0,1,0,0,0,0,0,
1,4,0,0,,1,1,1,0,0,1,0,0,1,1,0,1,1,0,1,0,1,0,0,1,0,1,
1,5,0,0,,1,1,1,0,1,0,0,1,1,0,1,1,1,1,0,1,1,0,0,1,1,0,
1,6,0,0,,0,0,1,0,1,1,0,0,0,0,1,1,1,0,0,1,1,1,1,0,0,0,
1,7,0,0,,1,1,1,0,0,0,0,0,1,0,1,1,1,0,1,1,1,0,0,1,0,0,
Generation,Solution No.,before normarized,After normarized,,Gene row
1,0,0,0,,0,1,1,0,1,0,1,0,0,1,0,1,1,0,0,1,0,1,1,1,1,0,
1,1,0,0,,1,1,0,1,1,0,0,1,1,0,0,1,1,0,1,0,1,0,1,0,0,1,
1,2,0,0,,0,1,1,1,1,0,0,1,1,1,0,0,1,0,0,1,1,0,1,0,1,0,
1,3,0,0,,1,0,0,0,1,1,0,0,1,1,1,0,1,0,1,0,1,0,0,0,0,0,
1,4,0,0,,1,1,1,0,0,1,0,0,1,1,0,1,1,0,1,0,1,0,0,1,0,1,
1,5,0,0,,1,1,1,0,1,0,0,1,1,0,1,1,1,1,0,1,1,0,0,1,1,0,
1,6,0,0,,0,0,1,0,1,1,0,0,0,0,1,1,1,0,0,1,1,1,1,0,0,0,
1,7,0,0,,1,1,1,0,0,0,0,0,1,0,1,1,1,0,1,1,1,0,0,1,0,0,
Generation,Solution No.,before normarized,After normarized,,Gene row
1,0,0,0,,0,1,1,0,1,0,1,0,0,1,0,1,1,0,0,1,0,1,1,1,1,0,
1,1,0,0,,1,1,0,1,1,0,0,1,1,0,0,1,1,0,1,0,1,0,1,0,0,1,
1,2,0,0,,0,1,1,1,1,0,0,1,1,1,0,0,1,0,0,1,1,0,1,0,1,0,
1,3,0,0,,1,0,0,0,1,1,0,0,1,1,1,0,1,0,1,0,1,0,0,0,0,0,
1,4,0,0,,1,1,1,0,0,1,0,0,1,1,0,1,1,0,1,0,1,0,0,1,0,1,
1,5,0,0,,1,1,1,0,1,0,0,1,1,0,1,1,1,1,0,1,1,0,0,1,1,0,
1,6,0,0,,0,0,1,0,1,1,0,0,0,0,1,1,1,0,0,1,1,1,1,0,0,0,
1,7,0,0,,1,1,1,0,0,0,0,0,1,0,1,1,1,0,1,1,1,0,0,1,0,0,
Generation,Solution No.,before normarized,After normarized,,Gene row
1,0,0,0,,0,1,1,0,1,0,1,0,0,1,0,1,1,0,0,1,0,1,1,1,1,0,
1,1,0,0,,1,1,0,1,1,0,0,1,1,0,0,1,1,0,1,0,1,0,1,0,0,1,
1,2,0,0,,0,1,1,1,1,0,0,1,1,1,0,0,1,0,0,1,1,0,1,0,1,0,
1,3,0,0,,1,0,0,0,1,1,0,0,1,1,1,0,1,0,1,0,1,0,0,0,0,0,
1,4,0,0,,1,1,1,0,0,1,0,0,1,1,0,1,1,0,1,0,1,0,0,1,0,1,
1,5,0,0,,1,1,1,0,1,0,0,1,1,0,1,1,1,1,0,1,1,0,0,1,1,0,
1,6,0,0,,0,0,1,0,1,1,0,0,0,0,1,1,1,0,0,1,1,1,1,0,0,0,
1,7,0,0,,1,1,1,0,0,0,0,0,1,0,1,1,1,0,1,1,1,0,0,1,0,0,
Generation,Solution No.,before normarized,After normarized,,Gene row
1,0,0,0,,0,1,1,0,1,0,1,0,0,1,0,1,1,0,0,1,0,1,1,1,1,0,
1,1,0,0,,1,1,0,1,1,0,0,1,1,0,0,1,1,0,1,0,1,0,1,0,0,1,
1,2,0,0,,0,1,1,1,1,0,0,1,1,1,0,0,1,0,0,1,1,0,1,0,1,0,
1,3,0,0,,1,0,0,0,1,1,0,0,1,1,1,0,1,0,1,0,1,0,0,0,0,0,
1,4,0,0,,1,1,1,0,0,1,0,0,1,1,0,1,1,0,1,0,1,0,0,1,0,1,
1,5,0,0,,1,1,1,0,1,0,0,1,1,0,1,1,1,1,0,1,1,0,0,1,1,0,
1,6,0,0,,0,0,1,0,1,1,0,0,0,0,1,1,1,0,0,1,1,1,1,0,0,0,
1,7,0,0,,1,1,1,0,0,0,0,0,1,0,1,1,1,0,1,1,1,0,0,1,0,0,
Generation,Solution No.,before normarized,After normarized,,Gene row
1,0,0,0,,0,1,1,0,1,0,1,0,0,1,0,1,1,0,0,1,0,1,1,1,1,0,
1,1,0,0,,1,1,0,1,1,0,0,1,1,0,0,1,1,0,1,0,1,0,1,0,0,1,
1,2,0,0,,0,1,1,1,1,0,0,1,1,1,0,0,1,0,0,1,1,0,1,0,1,0,
1,3,0,0,,1,0,0,0,1,1,0,0,1,1,1,0,1,0,1,0,1,0,0,0,0,0,
1,4,0,0,,1,1,1,0,0,1,0,0,1,1,0,1,1,0,1,0,1,0,0,1,0,1,
1,5,0,0,,1,1,1,0,1,0,0,1,1,0,1,1,1,1,0,1,1,0,0,1,1,0,
1,6,0,0,,0,0,1,0,1,1,0,0,0,0,1,1,1,0,0,1,1,1,1,0,0,0,
1,7,0,0,,1,1,1,0,0,0,0,0,1,0,1,1,1,0,1,1,1,0,0,1,0,0,
Generation,Solution No.,before normarized,After normarized,,Gene row
1,0,0,0,,0,1,1,0,1,0,1,0,0,1,0,1,1,0,0,1,0,1,1,1,1,0,
1,1,0,0,,1,1,0,1,1,0,0,1,1,0,0,1,1,0,1,0,1,0,1,0,0,1,
1,2,0,0,,0,1,1,1,1,0,0,1,1,1,0,0,1,0,0,1,1,0,1,0,1,0,
1,3,0,0,,1,0,0,0,1,1,0,0,1,1,1,0,1,0,1,0,1,0,0,0,0,0,
1,4,0,0,,1,1,1,0,0,1,0,0,1,1,0,1,1,0,1,0,1,0,0,1,0,1,
1,5,0,0,,1,1,1,0,1,0,0,1,1,0,1,1,1,1,0,1,1,0,0,1,1,0,
1,6,0,0,,0,0,1,0,1,1,0,0,0,0,1,1,1,0,0,1,1,1,1,0,0,0,
1,7,0,0,,1,1,1,0,0,0,0,0,1,0,1,1,1,0,1,1,1,0,0,1,0,0,
Generation,Solution No.,before normarized,After normarized,,Gene row
1,0,0,0,,0,1,1,0,1,0,1,0,0,1,0,1,1,0,0,1,0,1,1,1,1,0,
1,1,0,0,,1,1,0,1,1,0,0,1,1,0,0,1,1,0,1,0,1,0,1,0,0,1,
1,2,0,0,,0,1,1,1,1,0,0,1,1,1,0,0,1,0,0,1,1,0,1,0,1,0,
1,3,0,0,,1,0,0,0,1,1,0,0,1,1,1,0,1,0,1,0,1,0,0,0,0,0,
1,4,0,0,,1,1,1,0,0,1,0,0,1,1,0,1,1,0,1,0,1,0,0,1,0,1,
1,5,0,0,,1,1,1,0,1,0,0,1,1,0,1,1,1,1,0,1,1,0,0,1,1,0,
1,6,0,0,,0,0,1,0,1,1,0,0,0,0,1,1,1,0,0,1,1,1,1,0,0,0,
1,7,0,0,,1,1,1,0,0,0,0,0,1,0,1,1,1,0,1,1,1,0,0,1,0,0,
Generation,Solution No.,before normarized,After normarized,,Gene row
1,0,0,0,,0,1,1,0,1,0,1,0,0,1,0,1,1,0,0,1,0,1,1,1,1,0,
1,1,0,0,,1,1,0,1,1,0,0,1,1,0,0,1,1,0,1,0,1,0,1,0,0,1,
1,2,0,0,,0,1,1,1,1,0,0,1,1,1,0,0,1,0,0,1,1,0,1,0,1,0,
1,3,0,0,,1,0,0,0,1,1,0,0,1,1,1,0,1,0,1,0,1,0,0,0,0,0,
1,4,0,0,,1,1,1,0,0,1,0,0,1,1,0,1,1,0,1,0,1,0,0,1,0,1,
1,5,0,0,,1,1,1,0,1,0,0,1,1,0,1,1,1,1,0,1,1,0,0,1,1,0,
1,6,0,0,,0,0,1,0,1,1,0,0,0,0,1,1,1,0,0,1,1,1,1,0,0,0,
1,7,0,0,,1,1,1,0,0,0,0,0,1,0,1,1,1,0,1,1,1,0,0,1,0,0,
Generation,Solution No.,before normarized,After normarized,,Gene row
1,0,0,0,,0,1,1,0,1,0,1,0,0,1,0,1,1,0,0,1,0,1,1,1,1,0,
1,1,0,0,,1,1,0,1,1,0,0,1,1,0,0,1,1,0,1,0,1,0,1,0,0,1,
1,2,0,0,,0,1,1,1,1,0,0,1,1,1,0,0,1,0,0,1,1,0,1,0,1,0,
1,3,0,0,,1,0,0,0,1,1,0,0,1,1,1,0,1,0,1,0,1,0,0,0,0,0,
1,4,0,0,,1,1,1,0,0,1,0,0,1,1,0,1,1,0,1,0,1,0,0,1,0,1,
1,5,0,0,,1,1,1,0,1,0,0,1,1,0,1,1,1,1,0,1,1,0,0,1,1,0,
1,6,0,0,,0,0,1,0,1,1,0,0,0,0,1,1,1,0,0,1,1,1,1,0,0,0,
1,7,0,0,,1,1,1,0,0,0,0,0,1,0,1,1,1,0,1,1,1,0,0,1,0,0,
Generation,Solution No.,before normarized,After normarized,,Gene row
1,0,0,0,,0,1,1,0,1,0,1,0,0,1,0,1,1,0,0,1,0,1,1,1,1,0,
1,1,0,0,,1,1,0,1,1,0,0,1,1,0,0,1,1,0,1,0,1,0,1,0,0,1,
1,2,0,0,,0,1,1,1,1,0,0,1,1,1,0,0,1,0,0,1,1,0,1,0,1,0,
1,3,0,0,,1,0,0,0,1,1,0,0,1,1,1,0,1,0,1,0,1,0,0,0,0,0,
1,4,0,0,,1,1,1,0,0,1,0,0,1,1,0,1,1,0,1,0,1,0,0,1,0,1,
1,5,0,0,,1,1,1,0,1,0,0,1,1,0,1,1,1,1,0,1,1,0,0,1,1,0,
1,6,0,0,,0,0,1,0,1,1,0,0,0,0,1,1,1,0,0,1,1,1,1,0,0,0,
1,7,0,0,,1,1,1,0,0,0,0,0,1,0,1,1,1,0,1,1,1,0,0,1,0,0,
Generation,Solution No.,before normarized,After normarized,,Gene row
1,0,0,0,,0,1,1,0,1,0,1,0,0,1,0,1,1,0,0,1,0,1,1,1,1,0,
1,1,0,0,,1,1,0,1,1,0,0,1,1,0,0,1,1,0,1,0,1,0,1,0,0,1,
1,2,0,0,,0,1,1,1,1,0,0,1,1,1,0,0,1,0,0,1,1,0,1,0,1,0,
1,3,0,0,,1,0,0,0,1,1,0,0,1,1,1,0,1,0,1,0,1,0,0,0,0,0,
1,4,0,0,,1,1,1,0,0,1,0,0,1,1,0,1,1,0,1,0,1,0,0,1,0,1,
1,5,0,0,,1,1,1,0,1,0,0,1,1,0,1,1,1,1,0,1,1,0,0,1,1,0,
1,6,0,0,,0,0,1,0,1,1,0,0,0,0,1,1,1,0,0,1,1,1,1,0,0,0,
1,7,0,0,,1,1,1,0,0,0,0,0,1,0,1,1,1,0,1,1,1,0,0,1,0,0,
Generation,Solution No.,before normarized,After normarized,,Gene row
1,0,0,0,,0,1,1,0,1,0,1,0,0,1,0,1,1,0,0,1,0,1,1,1,1,0,
1,1,0,0,,1,1,0,1,1,0,0,1,1,0,0,1,1,0,1,0,1,0,1,0,0,1,
1,2,0,0,,0,1,1,1,1,0,0,1,1,1,0,0,1,0,0,1,1,0,1,0,1,0,
1,3,0,0,,1,0,0,0,1,1,0,0,1,1,1,0,1,0,1,0,1,0,0,0,0,0,
1,4,0,0,,1,1,1,0,0,1,0,0,1,1,0,1,1,0,1,0,1,0,0,1,0,1,
1,5,0,0,,1,1,1,0,1,0,0,1,1,0,1,1,1,1,0,1,1,0,0,1,1,0,
1,6,0,0,,0,0,1,0,1,1,0,0,0,0,1,1,1,0,0,1,1,1,1,0,0,0,
1,7,0,0,,1,1,1,0,0,0,0,0,1,0,1,1,1,0,1,1,1,0,0,1,0,0,
Generation,Solution No.,before normarized,After normarized,,Gene row
1,0,0,0,,0,1,1,0,1,0,1,0,0,1,0,1,1,0,0,1,0,1,1,1,1,0,
1,1,0,0,,1,1,0,1,1,0,0,1,1,0,0,1,1,0,1,0,1,0,1,0,0,1,
1,2,0,0,,0,1,1,1,1,0,0,1,1,1,0,0,1,0,0,1,1,0,1,0,1,0,
1,3,0,0,,1,0,0,0,1,1,0,0,1,1,1,0,1,0,1,0,1,0,0,0,0,0,
1,4,0,0,,1,1,1,0,0,1,0,0,1,1,0,1,1,0,1,0,1,0,0,1,0,1,
1,5,0,0,,1,1,1,0,1,0,0,1,1,0,1,1,1,1,0,1,1,0,0,1,1,0,
1,6,0,0,,0,0,1,0,1,1,0,0,0,0,1,1,1,0,0,1,1,1,1,0,0,0,
1,7,0,0,,1,1,1,0,0,0,0,0,1,0,1,1,1,0,1,1,1,0,0,1,0,0,
Generation,Solution No.,before normarized,After normarized,,Gene row
1,0,0,0,,0,1,1,0,1,0,1,0,0,1,0,1,1,0,0,1,0,1,1,1,1,0,
1,1,0,0,,1,1,0,1,1,0,0,1,1,0,0,1,1,0,1,0,1,0,1,0,0,1,
1,2,0,0,,0,1,1,1,1,0,0,1,1,1,0,0,1,0,0,1,1,0,1,0,1,0,
1,3,0,0,,1,0,0,0,1,1,0,0,1,1,1,0,1,0,1,0,1,0,0,0,0,0,
1,4,0,0,,1,1,1,0,0,1,0,0,1,1,0,1,1,0,1,0,1,0,0,1,0,1,
1,5,0,0,,1,1,1,0,1,0,0,1,1,0,1,1,1,1,0,1,1,0,0,1,1,0,
1,6,0,0,,0,0,1,0,1,1,0,0,0,0,1,1,1,0,0,1,1,1,1,0,0,0,
1,7,0,0,,1,1,1,0,0,0,0,0,1,0,1,1,1,0,1,1,1,0,0,1,0,0,
Generation,Solution No.,before normarized,After normarized,,Gene row
1,0,0,0,,0,1,1,0,1,0,1,0,0,1,0,1,1,0,0,1,0,1,1,1,1,0,
1,1,0,0,,1,1,0,1,1,0,0,1,1,0,0,1,1,0,1,0,1,0,1,0,0,1,
1,2,0,0,,0,1,1,1,1,0,0,1,1,1,0,0,1,0,0,1,1,0,1,0,1,0,
1,3,0,0,,1,0,0,0,1,1,0,0,1,1,1,0,1,0,1,0,1,0,0,0,0,0,
1,4,0,0,,1,1,1,0,0,1,0,0,1,1,0,1,1,0,1,0,1,0,0,1,0,1,
1,5,0,0,,1,1,1,0,1,0,0,1,1,0,1,1,1,1,0,1,1,0,0,1,1,0,
1,6,0,0,,0,0,1,0,1,1,0,0,0,0,1,1,1,0,0,1,1,1,1,0,0,0,
1,7,0,0,,1,1,1,0,0,0,0,0,1,0,1,1,1,0,1,1,1,0,0,1,0,0,
Generation,Solution No.,before normarized,After normarized,,Gene row
1,0,0,0,,0,1,1,0,1,0,1,0,0,1,0,1,1,0,0,1,0,1,1,1,1,0,
1,1,0,0,,1,1,0,1,1,0,0,1,1,0,0,1,1,0,1,0,1,0,1,0,0,1,
1,2,0,0,,0,1,1,1,1,0,0,1,1,1,0,0,1,0,0,1,1,0,1,0,1,0,
1,3,0,0,,1,0,0,0,1,1,0,0,1,1,1,0,1,0,1,0,1,0,0,0,0,0,
1,4,0,0,,1,1,1,0,0,1,0,0,1,1,0,1,1,0,1,0,1,0,0,1,0,1,
1,5,0,0,,1,1,1,0,1,0,0,1,1,0,1,1,1,1,0,1,1,0,0,1,1,0,
1,6,0,0,,0,0,1,0,1,1,0,0,0,0,1,1,1,0,0,1,1,1,1,0,0,0,
1,7,0,0,,1,1,1,0,0,0,0,0,1,0,1,1,1,0,1,1,1,0,0,1,0,0,
Generation,Solution No.,before normarized,After normarized,,Gene row
1,0,0,0,,0,1,1,0,1,0,1,0,0,1,0,1,1,0,0,1,0,1,1,1,1,0,
1,1,0,0,,1,1,0,1,1,0,0,1,1,0,0,1,1,0,1,0,1,0,1,0,0,1,
1,2,0,0,,0,1,1,1,1,0,0,1,1,1,0,0,1,0,0,1,1,0,1,0,1,0,
1,3,0,0,,1,0,0,0,1,1,0,0,1,1,1,0,1,0,1,0,1,0,0,0,0,0,
1,4,0,0,,1,1,1,0,0,1,0,0,1,1,0,1,1,0,1,0,1,0,0,1,0,1,
1,5,0,0,,1,1,1,0,1,0,0,1,1,0,1,1,1,1,0,1,1,0,0,1,1,0,
1,6,0,0,,0,0,1,0,1,1,0,0,0,0,1,1,1,0,0,1,1,1,1,0,0,0,
1,7,0,0,,1,1,1,0,0,0,0,0,1,0,1,1,1,0,1,1,1,0,0,1,0,0,
Generation,Solution No.,before normarized,After normarized,,Gene row
1,0,0,0,,0,1,1,0,1,0,1,0,0,1,0,1,1,0,0,1,0,1,1,1,1,0,
1,1,0,0,,1,1,0,1,1,0,0,1,1,0,0,1,1,0,1,0,1,0,1,0,0,1,
1,2,0,0,,0,1,1,1,1,0,0,1,1,1,0,0,1,0,0,1,1,0,1,0,1,0,
1,3,0,0,,1,0,0,0,1,1,0,0,1,1,1,0,1,0,1,0,1,0,0,0,0,0,
1,4,0,0,,1,1,1,0,0,1,0,0,1,1,0,1,1,0,1,0,1,0,0,1,0,1,
1,5,0,0,,1,1,1,0,1,0,0,1,1,0,1,1,1,1,0,1,1,0,0,1,1,0,
1,6,0,0,,0,0,1,0,1,1,0,0,0,0,1,1,1,0,0,1,1,1,1,0,0,0,
1,7,0,0,,1,1,1,0,0,0,0,0,1,0,1,1,1,0,1,1,1,0,0,1,0,0,
Generation,Solution No.,before normarized,After normarized,,Gene row
1,0,0,0,,0,1,1,0,1,0,1,0,0,1,0,1,1,0,0,1,0,1,1,1,1,0,
1,1,0,0,,1,1,0,1,1,0,0,1,1,0,0,1,1,0,1,0,1,0,1,0,0,1,
1,2,0,0,,0,1,1,1,1,0,0,1,1,1,0,0,1,0,0,1,1,0,1,0,1,0,
1,3,0,0,,1,0,0,0,1,1,0,0,1,1,1,0,1,0,1,0,1,0,0,0,0,0,
1,4,0,0,,1,1,1,0,0,1,0,0,1,1,0,1,1,0,1,0,1,0,0,1,0,1,
1,5,0,0,,1,1,1,0,1,0,0,1,1,0,1,1,1,1,0,1,1,0,0,1,1,0,
1,6,0,0,,0,0,1,0,1,1,0,0,0,0,1,1,1,0,0,1,1,1,1,0,0,0,
1,7,0,0,,1,1,1,0,0,0,0,0,1,0,1,1,1,0,1,1,1,0,0,1,0,0,
Generation,Solution No.,before normarized,After normarized,,Gene row
1,0,0,0,,0,1,1,0,1,0,1,0,0,1,0,1,1,0,0,1,0,1,1,1,1,0,
1,1,0,0,,1,1,0,1,1,0,0,1,1,0,0,1,1,0,1,0,1,0,1,0,0,1,
1,2,0,0,,0,1,1,1,1,0,0,1,1,1,0,0,1,0,0,1,1,0,1,0,1,0,
1,3,0,0,,1,0,0,0,1,1,0,0,1,1,1,0,1,0,1,0,1,0,0,0,0,0,
1,4,0,0,,1,1,1,0,0,1,0,0,1,1,0,1,1,0,1,0,1,0,0,1,0,1,
1,5,0,0,,1,1,1,0,1,0,0,1,1,0,1,1,1,1,0,1,1,0,0,1,1,0,
1,6,0,0,,0,0,1,0,1,1,0,0,0,0,1,1,1,0,0,1,1,1,1,0,0,0,
1,7,0,0,,1,1,1,0,0,0,0,0,1,0,1,1,1,0,1,1,1,0,0,1,0,0,
Generation,Solution No.,before normarized,After normarized,,Gene row
1,0,0,0,,0,1,1,0,1,0,1,0,0,1,0,1,1,0,0,1,0,1,1,1,1,0,
1,1,0,0,,1,1,0,1,1,0,0,1,1,0,0,1,1,0,1,0,1,0,1,0,0,1,
1,2,0,0,,0,1,1,1,1,0,0,1,1,1,0,0,1,0,0,1,1,0,1,0,1,0,
1,3,0,0,,1,0,0,0,1,1,0,0,1,1,1,0,1,0,1,0,1,0,0,0,0,0,
1,4,0,0,,1,1,1,0,0,1,0,0,1,1,0,1,1,0,1,0,1,0,0,1,0,1,
1,5,0,0,,1,1,1,0,1,0,0,1,1,0,1,1,1,1,0,1,1,0,0,1,1,0,
1,6,0,0,,0,0,1,0,1,1,0,0,0,0,1,1,1,0,0,1,1,1,1,0,0,0,
1,7,0,0,,1,1,1,0,0,0,0,0,1,0,1,1,1,0,1,1,1,0,0,1,0,0,
Generation,Solution No.,before normarized,After normarized,,Gene row
1,0,0,0,,0,1,1,0,1,0,1,0,0,1,0,1,1,0,0,1,0,1,1,1,1,0,
1,1,0,0,,1,1,0,1,1,0,0,1,1,0,0,1,1,0,1,0,1,0,1,0,0,1,
1,2,0,0,,0,1,1,1,1,0,0,1,1,1,0,0,1,0,0,1,1,0,1,0,1,0,
1,3,0,0,,1,0,0,0,1,1,0,0,1,1,1,0,1,0,1,0,1,0,0,0,0,0,
1,4,0,0,,1,1,1,0,0,1,0,0,1,1,0,1,1,0,1,0,1,0,0,1,0,1,
1,5,0,0,,1,1,1,0,1,0,0,1,1,0,1,1,1,1,0,1,1,0,0,1,1,0,
1,6,0,0,,0,0,1,0,1,1,0,0,0,0,1,1,1,0,0,1,1,1,1,0,0,0,
1,7,0,0,,1,1,1,0,0,0,0,0,1,0,1,1,1,0,1,1,1,0,0,1,0,0,
Generation,Solution No.,before normarized,After normarized,,Gene row
1,0,0,0,,0,1,1,0,1,0,1,0,0,1,0,1,1,0,0,1,0,1,1,1,1,0,
1,1,0,0,,1,1,0,1,1,0,0,1,1,0,0,1,1,0,1,0,1,0,1,0,0,1,
1,2,0,0,,0,1,1,1,1,0,0,1,1,1,0,0,1,0,0,1,1,0,1,0,1,0,
1,3,0,0,,1,0,0,0,1,1,0,0,1,1,1,0,1,0,1,0,1,0,0,0,0,0,
1,4,0,0,,1,1,1,0,0,1,0,0,1,1,0,1,1,0,1,0,1,0,0,1,0,1,
1,5,0,0,,1,1,1,0,1,0,0,1,1,0,1,1,1,1,0,1,1,0,0,1,1,0,
1,6,0,0,,0,0,1,0,1,1,0,0,0,0,1,1,1,0,0,1,1,1,1,0,0,0,
1,7,0,0,,1,1,1,0,0,0,0,0,1,0,1,1,1,0,1,1,1,0,0,1,0,0,
Generation,Solution No.,before normarized,After normarized,,Gene row
1,0,0,0,,0,1,1,0,1,0,1,0,0,1,0,1,1,0,0,1,0,1,1,1,1,0,
1,1,0,0,,1,1,0,1,1,0,0,1,1,0,0,1,1,0,1,0,1,0,1,0,0,1,
1,2,0,0,,0,1,1,1,1,0,0,1,1,1,0,0,1,0,0,1,1,0,1,0,1,0,
1,3,0,0,,1,0,0,0,1,1,0,0,1,1,1,0,1,0,1,0,1,0,0,0,0,0,
1,4,0,0,,1,1,1,0,0,1,0,0,1,1,0,1,1,0,1,0,1,0,0,1,0,1,
1,5,0,0,,1,1,1,0,1,0,0,1,1,0,1,1,1,1,0,1,1,0,0,1,1,0,
1,6,0,0,,0,0,1,0,1,1,0,0,0,0,1,1,1,0,0,1,1,1,1,0,0,0,
1,7,0,0,,1,1,1,0,0,0,0,0,1,0,1,1,1,0,1,1,1,0,0,1,0,0,
Generation,Solution No.,before normarized,After normarized,,Gene row
1,0,0,0,,0,1,1,0,1,0,1,0,0,1,0,1,1,0,0,1,0,1,1,1,1,0,
1,1,0,0,,1,1,0,1,1,0,0,1,1,0,0,1,1,0,1,0,1,0,1,0,0,1,
1,2,0,0,,0,1,1,1,1,0,0,1,1,1,0,0,1,0,0,1,1,0,1,0,1,0,
1,3,0,0,,1,0,0,0,1,1,0,0,1,1,1,0,1,0,1,0,1,0,0,0,0,0,
1,4,0,0,,1,1,1,0,0,1,0,0,1,1,0,1,1,0,1,0,1,0,0,1,0,1,
1,5,0,0,,1,1,1,0,1,0,0,1,1,0,1,1,1,1,0,1,1,0,0,1,1,0,
1,6,0,0,,0,0,1,0,1,1,0,0,0,0,1,1,1,0,0,1,1,1,1,0,0,0,
1,7,0,0,,1,1,1,0,0,0,0,0,1,0,1,1,1,0,1,1,1,0,0,1,0,0,
Generation,Solution No.,before normarized,After normarized,,Gene row
1,0,0,0,,0,1,1,0,1,0,1,0,0,1,0,1,1,0,0,1,0,1,1,1,1,0,
1,1,0,0,,1,1,0,1,1,0,0,1,1,0,0,1,1,0,1,0,1,0,1,0,0,1,
1,2,0,0,,0,1,1,1,1,0,0,1,1,1,0,0,1,0,0,1,1,0,1,0,1,0,
1,3,0,0,,1,0,0,0,1,1,0,0,1,1,1,0,1,0,1,0,1,0,0,0,0,0,
1,4,0,0,,1,1,1,0,0,1,0,0,1,1,0,1,1,0,1,0,1,0,0,1,0,1,
1,5,0,0,,1,1,1,0,1,0,0,1,1,0,1,1,1,1,0,1,1,0,0,1,1,0,
1,6,0,0,,0,0,1,0,1,1,0,0,0,0,1,1,1,0,0,1,1,1,1,0,0,0,
1,7,0,0,,1,1,1,0,0,0,0,0,1,0,1,1,1,0,1,1,1,0,0,1,0,0,
Generation,Solution No.,before normarized,After normarized,,Gene row
1,0,0,0,,0,1,1,0,1,0,1,0,0,1,0,1,1,0,0,1,0,1,1,1,1,0,
1,1,0,0,,1,1,0,1,1,0,0,1,1,0,0,1,1,0,1,0,1,0,1,0,0,1,
1,2,0,0,,0,1,1,1,1,0,0,1,1,1,0,0,1,0,0,1,1,0,1,0,1,0,
1,3,0,0,,1,0,0,0,1,1,0,0,1,1,1,0,1,0,1,0,1,0,0,0,0,0,
1,4,0,0,,1,1,1,0,0,1,0,0,1,1,0,1,1,0,1,0,1,0,0,1,0,1,
1,5,0,0,,1,1,1,0,1,0,0,1,1,0,1,1,1,1,0,1,1,0,0,1,1,0,
1,6,0,0,,0,0,1,0,1,1,0,0,0,0,1,1,1,0,0,1,1,1,1,0,0,0,
1,7,0,0,,1,1,1,0,0,0,0,0,1,0,1,1,1,0,1,1,1,0,0,1,0,0,
Generation,Solution No.,before normarized,After normarized,,Gene row
1,0,0,0,,0,1,1,0,1,0,1,0,0,1,0,1,1,0,0,1,0,1,1,1,1,0,
1,1,0,0,,1,1,0,1,1,0,0,1,1,0,0,1,1,0,1,0,1,0,1,0,0,1,
1,2,0,0,,0,1,1,1,1,0,0,1,1,1,0,0,1,0,0,1,1,0,1,0,1,0,
1,3,0,0,,1,0,0,0,1,1,0,0,1,1,1,0,1,0,1,0,1,0,0,0,0,0,
1,4,0,0,,1,1,1,0,0,1,0,0,1,1,0,1,1,0,1,0,1,0,0,1,0,1,
1,5,0,0,,1,1,1,0,1,0,0,1,1,0,1,1,1,1,0,1,1,0,0,1,1,0,
1,6,0,0,,0,0,1,0,1,1,0,0,0,0,1,1,1,0,0,1,1,1,1,0,0,0,
1,7,0,0,,1,1,1,0,0,0,0,0,1,0,1,1,1,0,1,1,1,0,0,1,0,0,
Generation,Solution No.,before normarized,After normarized,,Gene row
1,0,0,0,,0,1,1,0,1,0,1,0,0,1,0,1,1,0,0,1,0,1,1,1,1,0,
1,1,0,0,,1,1,0,1,1,0,0,1,1,0,0,1,1,0,1,0,1,0,1,0,0,1,
1,2,0,0,,0,1,1,1,1,0,0,1,1,1,0,0,1,0,0,1,1,0,1,0,1,0,
1,3,0,0,,1,0,0,0,1,1,0,0,1,1,1,0,1,0,1,0,1,0,0,0,0,0,
1,4,0,0,,1,1,1,0,0,1,0,0,1,1,0,1,1,0,1,0,1,0,0,1,0,1,
1,5,0,0,,1,1,1,0,1,0,0,1,1,0,1,1,1,1,0,1,1,0,0,1,1,0,
1,6,0,0,,0,0,1,0,1,1,0,0,0,0,1,1,1,0,0,1,1,1,1,0,0,0,
1,7,0,0,,1,1,1,0,0,0,0,0,1,0,1,1,1,0,1,1,1,0,0,1,0,0,
Generation,Solution No.,before normarized,After normarized,,Gene row
1,0,0,0,,0,1,1,0,1,0,1,0,0,1,0,1,1,0,0,1,0,1,1,1,1,0,
1,1,0,0,,1,1,0,1,1,0,0,1,1,0,0,1,1,0,1,0,1,0,1,0,0,1,
1,2,0,0,,0,1,1,1,1,0,0,1,1,1,0,0,1,0,0,1,1,0,1,0,1,0,
1,3,0,0,,1,0,0,0,1,1,0,0,1,1,1,0,1,0,1,0,1,0,0,0,0,0,
1,4,0,0,,1,1,1,0,0,1,0,0,1,1,0,1,1,0,1,0,1,0,0,1,0,1,
1,5,0,0,,1,1,1,0,1,0,0,1,1,0,1,1,1,1,0,1,1,0,0,1,1,0,
1,6,0,0,,0,0,1,0,1,1,0,0,0,0,1,1,1,0,0,1,1,1,1,0,0,0,
1,7,0,0,,1,1,1,0,0,0,0,0,1,0,1,1,1,0,1,1,1,0,0,1,0,0,
Generation,Solution No.,before normarized,After normarized,,Gene row
1,0,0,0,,0,1,1,0,1,0,1,0,0,1,0,1,1,0,0,1,0,1,1,1,1,0,
1,1,0,0,,1,1,0,1,1,0,0,1,1,0,0,1,1,0,1,0,1,0,1,0,0,1,
1,2,0,0,,0,1,1,1,1,0,0,1,1,1,0,0,1,0,0,1,1,0,1,0,1,0,
1,3,0,0,,1,0,0,0,1,1,0,0,1,1,1,0,1,0,1,0,1,0,0,0,0,0,
1,4,0,0,,1,1,1,0,0,1,0,0,1,1,0,1,1,0,1,0,1,0,0,1,0,1,
1,5,0,0,,1,1,1,0,1,0,0,1,1,0,1,1,1,1,0,1,1,0,0,1,1,0,
1,6,0,0,,0,0,1,0,1,1,0,0,0,0,1,1,1,0,0,1,1,1,1,0,0,0,
1,7,0,0,,1,1,1,0,0,0,0,0,1,0,1,1,1,0,1,1,1,0,0,1,0,0,
Generation,Solution No.,before normarized,After normarized,,Gene row
1,0,0,0,,0,1,1,0,1,0,1,0,0,1,0,1,1,0,0,1,0,1,1,1,1,0,
1,1,0,0,,1,1,0,1,1,0,0,1,1,0,0,1,1,0,1,0,1,0,1,0,0,1,
1,2,0,0,,0,1,1,1,1,0,0,1,1,1,0,0,1,0,0,1,1,0,1,0,1,0,
1,3,0,0,,1,0,0,0,1,1,0,0,1,1,1,0,1,0,1,0,1,0,0,0,0,0,
1,4,0,0,,1,1,1,0,0,1,0,0,1,1,0,1,1,0,1,0,1,0,0,1,0,1,
1,5,0,0,,1,1,1,0,1,0,0,1,1,0,1,1,1,1,0,1,1,0,0,1,1,0,
1,6,0,0,,0,0,1,0,1,1,0,0,0,0,1,1,1,0,0,1,1,1,1,0,0,0,
1,7,0,0,,1,1,1,0,0,0,0,0,1,0,1,1,1,0,1,1,1,0,0,1,0,0,
Generation,Solution No.,before normarized,After normarized,,Gene row
1,0,0,0,,0,1,1,0,1,0,1,0,0,1,0,1,1,0,0,1,0,1,1,1,1,0,
1,1,0,0,,1,1,0,1,1,0,0,1,1,0,0,1,1,0,1,0,1,0,1,0,0,1,
1,2,0,0,,0,1,1,1,1,0,0,1,1,1,0,0,1,0,0,1,1,0,1,0,1,0,
1,3,0,0,,1,0,0,0,1,1,0,0,1,1,1,0,1,0,1,0,1,0,0,0,0,0,
1,4,0,0,,1,1,1,0,0,1,0,0,1,1,0,1,1,0,1,0,1,0,0,1,0,1,
1,5,0,0,,1,1,1,0,1,0,0,1,1,0,1,1,1,1,0,1,1,0,0,1,1,0,
1,6,0,0,,0,0,1,0,1,1,0,0,0,0,1,1,1,0,0,1,1,1,1,0,0,0,
1,7,0,0,,1,1,1,0,0,0,0,0,1,0,1,1,1,0,1,1,1,0,0,1,0,0,
Generation,Solution No.,before normarized,After normarized,,Gene row
1,0,0,0,,0,1,1,0,1,0,1,0,0,1,0,1,1,0,0,1,0,1,1,1,1,0,
1,1,0,0,,1,1,0,1,1,0,0,1,1,0,0,1,1,0,1,0,1,0,1,0,0,1,
1,2,0,0,,0,1,1,1,1,0,0,1,1,1,0,0,1,0,0,1,1,0,1,0,1,0,
1,3,0,0,,1,0,0,0,1,1,0,0,1,1,1,0,1,0,1,0,1,0,0,0,0,0,
1,4,0,0,,1,1,1,0,0,1,0,0,1,1,0,1,1,0,1,0,1,0,0,1,0,1,
1,5,0,0,,1,1,1,0,1,0,0,1,1,0,1,1,1,1,0,1,1,0,0,1,1,0,
1,6,0,0,,0,0,1,0,1,1,0,0,0,0,1,1,1,0,0,1,1,1,1,0,0,0,
1,7,0,0,,1,1,1,0,0,0,0,0,1,0,1,1,1,0,1,1,1,0,0,1,0,0,
Generation,Solution No.,before normarized,After normarized,,Gene row
1,0,0,0,,0,1,1,0,1,0,1,0,0,1,0,1,1,0,0,1,0,1,1,1,1,0,
1,1,0,0,,1,1,0,1,1,0,0,1,1,0,0,1,1,0,1,0,1,0,1,0,0,1,
1,2,0,0,,0,1,1,1,1,0,0,1,1,1,0,0,1,0,0,1,1,0,1,0,1,0,
1,3,0,0,,1,0,0,0,1,1,0,0,1,1,1,0,1,0,1,0,1,0,0,0,0,0,
1,4,0,0,,1,1,1,0,0,1,0,0,1,1,0,1,1,0,1,0,1,0,0,1,0,1,
1,5,0,0,,1,1,1,0,1,0,0,1,1,0,1,1,1,1,0,1,1,0,0,1,1,0,
1,6,0,0,,0,0,1,0,1,1,0,0,0,0,1,1,1,0,0,1,1,1,1,0,0,0,
1,7,0,0,,1,1,1,0,0,0,0,0,1,0,1,1,1,0,1,1,1,0,0,1,0,0,
Generation,Solution No.,before normarized,After normarized,,Gene row
1,0,0,0,,0,1,1,0,1,0,1,0,0,1,0,1,1,0,0,1,0,1,1,1,1,0,
1,1,0,0,,1,1,0,1,1,0,0,1,1,0,0,1,1,0,1,0,1,0,1,0,0,1,
1,2,0,0,,0,1,1,1,1,0,0,1,1,1,0,0,1,0,0,1,1,0,1,0,1,0,
1,3,0,0,,1,0,0,0,1,1,0,0,1,1,1,0,1,0,1,0,1,0,0,0,0,0,
1,4,0,0,,1,1,1,0,0,1,0,0,1,1,0,1,1,0,1,0,1,0,0,1,0,1,
1,5,0,0,,1,1,1,0,1,0,0,1,1,0,1,1,1,1,0,1,1,0,0,1,1,0,
1,6,0,0,,0,0,1,0,1,1,0,0,0,0,1,1,1,0,0,1,1,1,1,0,0,0,
1,7,0,0,,1,1,1,0,0,0,0,0,1,0,1,1,1,0,1,1,1,0,0,1,0,0,
Generation,Solution No.,before normarized,After normarized,,Gene row
1,0,0,0,,0,1,1,0,1,0,1,0,0,1,0,1,1,0,0,1,0,1,1,1,1,0,
1,1,0,0,,1,1,0,1,1,0,0,1,1,0,0,1,1,0,1,0,1,0,1,0,0,1,
1,2,0,0,,0,1,1,1,1,0,0,1,1,1,0,0,1,0,0,1,1,0,1,0,1,0,
1,3,0,0,,1,0,0,0,1,1,0,0,1,1,1,0,1,0,1,0,1,0,0,0,0,0,
1,4,0,0,,1,1,1,0,0,1,0,0,1,1,0,1,1,0,1,0,1,0,0,1,0,1,
1,5,0,0,,1,1,1,0,1,0,0,1,1,0,1,1,1,1,0,1,1,0,0,1,1,0,
1,6,0,0,,0,0,1,0,1,1,0,0,0,0,1,1,1,0,0,1,1,1,1,0,0,0,
1,7,0,0,,1,1,1,0,0,0,0,0,1,0,1,1,1,0,1,1,1,0,0,1,0,0,
Generation,Solution No.,before normarized,After normarized,,Gene row
1,0,0,0,,0,1,1,0,1,0,1,0,0,1,0,1,1,0,0,1,0,1,1,1,1,0,
1,1,0,0,,1,1,0,1,1,0,0,1,1,0,0,1,1,0,1,0,1,0,1,0,0,1,
1,2,0,0,,0,1,1,1,1,0,0,1,1,1,0,0,1,0,0,1,1,0,1,0,1,0,
1,3,0,0,,1,0,0,0,1,1,0,0,1,1,1,0,1,0,1,0,1,0,0,0,0,0,
1,4,0,0,,1,1,1,0,0,1,0,0,1,1,0,1,1,0,1,0,1,0,0,1,0,1,
1,5,0,0,,1,1,1,0,1,0,0,1,1,0,1,1,1,1,0,1,1,0,0,1,1,0,
1,6,0,0,,0,0,1,0,1,1,0,0,0,0,1,1,1,0,0,1,1,1,1,0,0,0,
1,7,0,0,,1,1,1,0,0,0,0,0,1,0,1,1,1,0,1,1,1,0,0,1,0,0,
Generation,Solution No.,before normarized,After normarized,,Gene row
1,0,0,0,,0,1,1,0,1,0,1,0,0,1,0,1,1,0,0,1,0,1,1,1,1,0,
1,1,0,0,,1,1,0,1,1,0,0,1,1,0,0,1,1,0,1,0,1,0,1,0,0,1,
1,2,0,0,,0,1,1,1,1,0,0,1,1,1,0,0,1,0,0,1,1,0,1,0,1,0,
1,3,0,0,,1,0,0,0,1,1,0,0,1,1,1,0,1,0,1,0,1,0,0,0,0,0,
1,4,0,0,,1,1,1,0,0,1,0,0,1,1,0,1,1,0,1,0,1,0,0,1,0,1,
1,5,0,0,,1,1,1,0,1,0,0,1,1,0,1,1,1,1,0,1,1,0,0,1,1,0,
1,6,0,0,,0,0,1,0,1,1,0,0,0,0,1,1,1,0,0,1,1,1,1,0,0,0,
1,7,0,0,,1,1,1,0,0,0,0,0,1,0,1,1,1,0,1,1,1,0,0,1,0,0,
Generation,Solution No.,before normarized,After normarized,,Gene row
1,0,0,0,,0,1,1,0,1,0,1,0,0,1,0,1,1,0,0,1,0,1,1,1,1,0,
1,1,0,0,,1,1,0,1,1,0,0,1,1,0,0,1,1,0,1,0,1,0,1,0,0,1,
1,2,0,0,,0,1,1,1,1,0,0,1,1,1,0,0,1,0,0,1,1,0,1,0,1,0,
1,3,0,0,,1,0,0,0,1,1,0,0,1,1,1,0,1,0,1,0,1,0,0,0,0,0,
1,4,0,0,,1,1,1,0,0,1,0,0,1,1,0,1,1,0,1,0,1,0,0,1,0,1,
1,5,0,0,,1,1,1,0,1,0,0,1,1,0,1,1,1,1,0,1,1,0,0,1,1,0,
1,6,0,0,,0,0,1,0,1,1,0,0,0,0,1,1,1,0,0,1,1,1,1,0,0,0,
1,7,0,0,,1,1,1,0,0,0,0,0,1,0,1,1,1,0,1,1,1,0,0,1,0,0,
Generation,Solution No.,before normarized,After normarized,,Gene row
1,0,0,0,,0,1,1,0,1,0,1,0,0,1,0,1,1,0,0,1,0,1,1,1,1,0,
1,1,0,0,,1,1,0,1,1,0,0,1,1,0,0,1,1,0,1,0,1,0,1,0,0,1,
1,2,0,0,,0,1,1,1,1,0,0,1,1,1,0,0,1,0,0,1,1,0,1,0,1,0,
1,3,0,0,,1,0,0,0,1,1,0,0,1,1,1,0,1,0,1,0,1,0,0,0,0,0,
1,4,0,0,,1,1,1,0,0,1,0,0,1,1,0,1,1,0,1,0,1,0,0,1,0,1,
1,5,0,0,,1,1,1,0,1,0,0,1,1,0,1,1,1,1,0,1,1,0,0,1,1,0,
1,6,0,0,,0,0,1,0,1,1,0,0,0,0,1,1,1,0,0,1,1,1,1,0,0,0,
1,7,0,0,,1,1,1,0,0,0,0,0,1,0,1,1,1,0,1,1,1,0,0,1,0,0,
Generation,Solution No.,before normarized,After normarized,,Gene row
1,0,0,0,,0,1,1,0,1,0,1,0,0,1,0,1,1,0,0,1,0,1,1,1,1,0,
1,1,0,0,,1,1,0,1,1,0,0,1,1,0,0,1,1,0,1,0,1,0,1,0,0,1,
1,2,0,0,,0,1,1,1,1,0,0,1,1,1,0,0,1,0,0,1,1,0,1,0,1,0,
1,3,0,0,,1,0,0,0,1,1,0,0,1,1,1,0,1,0,1,0,1,0,0,0,0,0,
1,4,0,0,,1,1,1,0,0,1,0,0,1,1,0,1,1,0,1,0,1,0,0,1,0,1,
1,5,0,0,,1,1,1,0,1,0,0,1,1,0,1,1,1,1,0,1,1,0,0,1,1,0,
1,6,0,0,,0,0,1,0,1,1,0,0,0,0,1,1,1,0,0,1,1,1,1,0,0,0,
1,7,0,0,,1,1,1,0,0,0,0,0,1,0,1,1,1,0,1,1,1,0,0,1,0,0,
Generation,Solution No.,before normarized,After normarized,,Gene row
1,0,0,0,,0,1,1,0,1,0,1,0,0,1,0,1,1,0,0,1,0,1,1,1,1,0,
1,1,0,0,,1,1,0,1,1,0,0,1,1,0,0,1,1,0,1,0,1,0,1,0,0,1,
1,2,0,0,,0,1,1,1,1,0,0,1,1,1,0,0,1,0,0,1,1,0,1,0,1,0,
1,3,0,0,,1,0,0,0,1,1,0,0,1,1,1,0,1,0,1,0,1,0,0,0,0,0,
1,4,0,0,,1,1,1,0,0,1,0,0,1,1,0,1,1,0,1,0,1,0,0,1,0,1,
1,5,0,0,,1,1,1,0,1,0,0,1,1,0,1,1,1,1,0,1,1,0,0,1,1,0,
1,6,0,0,,0,0,1,0,1,1,0,0,0,0,1,1,1,0,0,1,1,1,1,0,0,0,
1,7,0,0,,1,1,1,0,0,0,0,0,1,0,1,1,1,0,1,1,1,0,0,1,0,0,
Generation,Solution No.,before normarized,After normarized,,Gene row
1,0,0,0,,0,1,1,0,1,0,1,0,0,1,0,1,1,0,0,1,0,1,1,1,1,0,
1,1,0,0,,1,1,0,1,1,0,0,1,1,0,0,1,1,0,1,0,1,0,1,0,0,1,
1,2,0,0,,0,1,1,1,1,0,0,1,1,1,0,0,1,0,0,1,1,0,1,0,1,0,
1,3,0,0,,1,0,0,0,1,1,0,0,1,1,1,0,1,0,1,0,1,0,0,0,0,0,
1,4,0,0,,1,1,1,0,0,1,0,0,1,1,0,1,1,0,1,0,1,0,0,1,0,1,
1,5,0,0,,1,1,1,0,1,0,0,1,1,0,1,1,1,1,0,1,1,0,0,1,1,0,
1,6,0,0,,0,0,1,0,1,1,0,0,0,0,1,1,1,0,0,1,1,1,1,0,0,0,
1,7,0,0,,1,1,1,0,0,0,0,0,1,0,1,1,1,0,1,1,1,0,0,1,0,0,
Generation,Solution No.,before normarized,After normarized,,Gene row
1,0,0,0,,0,1,1,0,1,0,1,0,0,1,0,1,1,0,0,1,0,1,1,1,1,0,
1,1,0,0,,1,1,0,1,1,0,0,1,1,0,0,1,1,0,1,0,1,0,1,0,0,1,
1,2,0,0,,0,1,1,1,1,0,0,1,1,1,0,0,1,0,0,1,1,0,1,0,1,0,
1,3,0,0,,1,0,0,0,1,1,0,0,1,1,1,0,1,0,1,0,1,0,0,0,0,0,
1,4,0,0,,1,1,1,0,0,1,0,0,1,1,0,1,1,0,1,0,1,0,0,1,0,1,
1,5,0,0,,1,1,1,0,1,0,0,1,1,0,1,1,1,1,0,1,1,0,0,1,1,0,
1,6,0,0,,0,0,1,0,1,1,0,0,0,0,1,1,1,0,0,1,1,1,1,0,0,0,
1,7,0,0,,1,1,1,0,0,0,0,0,1,0,1,1,1,0,1,1,1,0,0,1,0,0,
Generation,Solution No.,before normarized,After normarized,,Gene row
1,0,0,0,,0,1,1,0,1,0,1,0,0,1,0,1,1,0,0,1,0,1,1,1,1,0,
1,1,0,0,,1,1,0,1,1,0,0,1,1,0,0,1,1,0,1,0,1,0,1,0,0,1,
1,2,0,0,,0,1,1,1,1,0,0,1,1,1,0,0,1,0,0,1,1,0,1,0,1,0,
1,3,0,0,,1,0,0,0,1,1,0,0,1,1,1,0,1,0,1,0,1,0,0,0,0,0,
1,4,0,0,,1,1,1,0,0,1,0,0,1,1,0,1,1,0,1,0,1,0,0,1,0,1,
1,5,0,0,,1,1,1,0,1,0,0,1,1,0,1,1,1,1,0,1,1,0,0,1,1,0,
1,6,0,0,,0,0,1,0,1,1,0,0,0,0,1,1,1,0,0,1,1,1,1,0,0,0,
1,7,0,0,,1,1,1,0,0,0,0,0,1,0,1,1,1,0,1,1,1,0,0,1,0,0,
Generation,Solution No.,before normarized,After normarized,,Gene row
1,0,0,0,,0,1,1,0,1,0,1,0,0,1,0,1,1,0,0,1,0,1,1,1,1,0,
1,1,0,0,,1,1,0,1,1,0,0,1,1,0,0,1,1,0,1,0,1,0,1,0,0,1,
1,2,0,0,,0,1,1,1,1,0,0,1,1,1,0,0,1,0,0,1,1,0,1,0,1,0,
1,3,0,0,,1,0,0,0,1,1,0,0,1,1,1,0,1,0,1,0,1,0,0,0,0,0,
1,4,0,0,,1,1,1,0,0,1,0,0,1,1,0,1,1,0,1,0,1,0,0,1,0,1,
1,5,0,0,,1,1,1,0,1,0,0,1,1,0,1,1,1,1,0,1,1,0,0,1,1,0,
1,6,0,0,,0,0,1,0,1,1,0,0,0,0,1,1,1,0,0,1,1,1,1,0,0,0,
1,7,0,0,,1,1,1,0,0,0,0,0,1,0,1,1,1,0,1,1,1,0,0,1,0,0,
Generation,Solution No.,before normarized,After normarized,,Gene row
1,0,0,0,,0,1,1,0,1,0,1,0,0,1,0,1,1,0,0,1,0,1,1,1,1,0,
1,1,0,0,,1,1,0,1,1,0,0,1,1,0,0,1,1,0,1,0,1,0,1,0,0,1,
1,2,0,0,,0,1,1,1,1,0,0,1,1,1,0,0,1,0,0,1,1,0,1,0,1,0,
1,3,0,0,,1,0,0,0,1,1,0,0,1,1,1,0,1,0,1,0,1,0,0,0,0,0,
1,4,0,0,,1,1,1,0,0,1,0,0,1,1,0,1,1,0,1,0,1,0,0,1,0,1,
1,5,0,0,,1,1,1,0,1,0,0,1,1,0,1,1,1,1,0,1,1,0,0,1,1,0,
1,6,0,0,,0,0,1,0,1,1,0,0,0,0,1,1,1,0,0,1,1,1,1,0,0,0,
1,7,0,0,,1,1,1,0,0,0,0,0,1,0,1,1,1,0,1,1,1,0,0,1,0,0,
Generation,Solution No.,before normarized,After normarized,,Gene row
1,0,0,0,,0,1,1,0,1,0,1,0,0,1,0,1,1,0,0,1,0,1,1,1,1,0,
1,1,0,0,,1,1,0,1,1,0,0,1,1,0,0,1,1,0,1,0,1,0,1,0,0,1,
1,2,0,0,,0,1,1,1,1,0,0,1,1,1,0,0,1,0,0,1,1,0,1,0,1,0,
1,3,0,0,,1,0,0,0,1,1,0,0,1,1,1,0,1,0,1,0,1,0,0,0,0,0,
1,4,0,0,,1,1,1,0,0,1,0,0,1,1,0,1,1,0,1,0,1,0,0,1,0,1,
1,5,0,0,,1,1,1,0,1,0,0,1,1,0,1,1,1,1,0,1,1,0,0,1,1,0,
1,6,0,0,,0,0,1,0,1,1,0,0,0,0,1,1,1,0,0,1,1,1,1,0,0,0,
1,7,0,0,,1,1,1,0,0,0,0,0,1,0,1,1,1,0,1,1,1,0,0,1,0,0,
Generation,Solution No.,before normarized,After normarized,,Gene row
1,0,0,0,,0,1,1,0,1,0,1,0,0,1,0,1,1,0,0,1,0,1,1,1,1,0,
1,1,0,0,,1,1,0,1,1,0,0,1,1,0,0,1,1,0,1,0,1,0,1,0,0,1,
1,2,0,0,,0,1,1,1,1,0,0,1,1,1,0,0,1,0,0,1,1,0,1,0,1,0,
1,3,0,0,,1,0,0,0,1,1,0,0,1,1,1,0,1,0,1,0,1,0,0,0,0,0,
1,4,0,0,,1,1,1,0,0,1,0,0,1,1,0,1,1,0,1,0,1,0,0,1,0,1,
1,5,0,0,,1,1,1,0,1,0,0,1,1,0,1,1,1,1,0,1,1,0,0,1,1,0,
1,6,0,0,,0,0,1,0,1,1,0,0,0,0,1,1,1,0,0,1,1,1,1,0,0,0,
1,7,0,0,,1,1,1,0,0,0,0,0,1,0,1,1,1,0,1,1,1,0,0,1,0,0,
Generation,Solution No.,before normarized,After normarized,,Gene row
1,0,0,0,,0,1,1,0,1,0,1,0,0,1,0,1,1,0,0,1,0,1,1,1,1,0,
1,1,0,0,,1,1,0,1,1,0,0,1,1,0,0,1,1,0,1,0,1,0,1,0,0,1,
1,2,0,0,,0,1,1,1,1,0,0,1,1,1,0,0,1,0,0,1,1,0,1,0,1,0,
1,3,0,0,,1,0,0,0,1,1,0,0,1,1,1,0,1,0,1,0,1,0,0,0,0,0,
1,4,0,0,,1,1,1,0,0,1,0,0,1,1,0,1,1,0,1,0,1,0,0,1,0,1,
1,5,0,0,,1,1,1,0,1,0,0,1,1,0,1,1,1,1,0,1,1,0,0,1,1,0,
1,6,0,0,,0,0,1,0,1,1,0,0,0,0,1,1,1,0,0,1,1,1,1,0,0,0,
1,7,0,0,,1,1,1,0,0,0,0,0,1,0,1,1,1,0,1,1,1,0,0,1,0,0,
Generation,Solution No.,before normarized,After normarized,,Gene row
1,0,0,0,,0,1,1,0,1,0,1,0,0,1,0,1,1,0,0,1,0,1,1,1,1,0,
1,1,0,0,,1,1,0,1,1,0,0,1,1,0,0,1,1,0,1,0,1,0,1,0,0,1,
1,2,0,0,,0,1,1,1,1,0,0,1,1,1,0,0,1,0,0,1,1,0,1,0,1,0,
1,3,0,0,,1,0,0,0,1,1,0,0,1,1,1,0,1,0,1,0,1,0,0,0,0,0,
1,4,0,0,,1,1,1,0,0,1,0,0,1,1,0,1,1,0,1,0,1,0,0,1,0,1,
1,5,0,0,,1,1,1,0,1,0,0,1,1,0,1,1,1,1,0,1,1,0,0,1,1,0,
1,6,0,0,,0,0,1,0,1,1,0,0,0,0,1,1,1,0,0,1,1,1,1,0,0,0,
1,7,0,0,,1,1,1,0,0,0,0,0,1,0,1,1,1,0,1,1,1,0,0,1,0,0,
Generation,Solution No.,before normarized,After normarized,,Gene row
1,0,0,0,,0,1,1,0,1,0,1,0,0,1,0,1,1,0,0,1,0,1,1,1,1,0,
1,1,0,0,,1,1,0,1,1,0,0,1,1,0,0,1,1,0,1,0,1,0,1,0,0,1,
1,2,0,0,,0,1,1,1,1,0,0,1,1,1,0,0,1,0,0,1,1,0,1,0,1,0,
1,3,0,0,,1,0,0,0,1,1,0,0,1,1,1,0,1,0,1,0,1,0,0,0,0,0,
1,4,0,0,,1,1,1,0,0,1,0,0,1,1,0,1,1,0,1,0,1,0,0,1,0,1,
1,5,0,0,,1,1,1,0,1,0,0,1,1,0,1,1,1,1,0,1,1,0,0,1,1,0,
1,6,0,0,,0,0,1,0,1,1,0,0,0,0,1,1,1,0,0,1,1,1,1,0,0,0,
1,7,0,0,,1,1,1,0,0,0,0,0,1,0,1,1,1,0,1,1,1,0,0,1,0,0,
Generation,Solution No.,before normarized,After normarized,,Gene row
1,0,0,0,,0,1,1,0,1,0,1,0,0,1,0,1,1,0,0,1,0,1,1,1,1,0,
1,1,0,0,,1,1,0,1,1,0,0,1,1,0,0,1,1,0,1,0,1,0,1,0,0,1,
1,2,0,0,,0,1,1,1,1,0,0,1,1,1,0,0,1,0,0,1,1,0,1,0,1,0,
1,3,0,0,,1,0,0,0,1,1,0,0,1,1,1,0,1,0,1,0,1,0,0,0,0,0,
1,4,0,0,,1,1,1,0,0,1,0,0,1,1,0,1,1,0,1,0,1,0,0,1,0,1,
1,5,0,0,,1,1,1,0,1,0,0,1,1,0,1,1,1,1,0,1,1,0,0,1,1,0,
1,6,0,0,,0,0,1,0,1,1,0,0,0,0,1,1,1,0,0,1,1,1,1,0,0,0,
1,7,0,0,,1,1,1,0,0,0,0,0,1,0,1,1,1,0,1,1,1,0,0,1,0,0,
Generation,Solution No.,before normarized,After normarized,,Gene row
1,0,0,0,,0,1,1,0,1,0,1,0,0,1,0,1,1,0,0,1,0,1,1,1,1,0,
1,1,0,0,,1,1,0,1,1,0,0,1,1,0,0,1,1,0,1,0,1,0,1,0,0,1,
1,2,0,0,,0,1,1,1,1,0,0,1,1,1,0,0,1,0,0,1,1,0,1,0,1,0,
1,3,0,0,,1,0,0,0,1,1,0,0,1,1,1,0,1,0,1,0,1,0,0,0,0,0,
1,4,0,0,,1,1,1,0,0,1,0,0,1,1,0,1,1,0,1,0,1,0,0,1,0,1,
1,5,0,0,,1,1,1,0,1,0,0,1,1,0,1,1,1,1,0,1,1,0,0,1,1,0,
1,6,0,0,,0,0,1,0,1,1,0,0,0,0,1,1,1,0,0,1,1,1,1,0,0,0,
1,7,0,0,,1,1,1,0,0,0,0,0,1,0,1,1,1,0,1,1,1,0,0,1,0,0,
Generation,Solution No.,before normarized,After normarized,,Gene row
1,0,0,0,,0,1,1,0,1,0,1,0,0,1,0,1,1,0,0,1,0,1,1,1,1,0,
1,1,0,0,,1,1,0,1,1,0,0,1,1,0,0,1,1,0,1,0,1,0,1,0,0,1,
1,2,0,0,,0,1,1,1,1,0,0,1,1,1,0,0,1,0,0,1,1,0,1,0,1,0,
1,3,0,0,,1,0,0,0,1,1,0,0,1,1,1,0,1,0,1,0,1,0,0,0,0,0,
1,4,0,0,,1,1,1,0,0,1,0,0,1,1,0,1,1,0,1,0,1,0,0,1,0,1,
1,5,0,0,,1,1,1,0,1,0,0,1,1,0,1,1,1,1,0,1,1,0,0,1,1,0,
1,6,0,0,,0,0,1,0,1,1,0,0,0,0,1,1,1,0,0,1,1,1,1,0,0,0,
1,7,0,0,,1,1,1,0,0,0,0,0,1,0,1,1,1,0,1,1,1,0,0,1,0,0,
Generation,Solution No.,before normarized,After normarized,,Gene row
1,0,0,0,,0,1,1,0,1,0,1,0,0,1,0,1,1,0,0,1,0,1,1,1,1,0,
1,1,0,0,,1,1,0,1,1,0,0,1,1,0,0,1,1,0,1,0,1,0,1,0,0,1,
1,2,0,0,,0,1,1,1,1,0,0,1,1,1,0,0,1,0,0,1,1,0,1,0,1,0,
1,3,0,0,,1,0,0,0,1,1,0,0,1,1,1,0,1,0,1,0,1,0,0,0,0,0,
1,4,0,0,,1,1,1,0,0,1,0,0,1,1,0,1,1,0,1,0,1,0,0,1,0,1,
1,5,0,0,,1,1,1,0,1,0,0,1,1,0,1,1,1,1,0,1,1,0,0,1,1,0,
1,6,0,0,,0,0,1,0,1,1,0,0,0,0,1,1,1,0,0,1,1,1,1,0,0,0,
1,7,0,0,,1,1,1,0,0,0,0,0,1,0,1,1,1,0,1,1,1,0,0,1,0,0,
Generation,Solution No.,before normarized,After normarized,,Gene row
1,0,0,0,,0,1,1,0,1,0,1,0,0,1,0,1,1,0,0,1,0,1,1,1,1,0,
1,1,0,0,,1,1,0,1,1,0,0,1,1,0,0,1,1,0,1,0,1,0,1,0,0,1,
1,2,0,0,,0,1,1,1,1,0,0,1,1,1,0,0,1,0,0,1,1,0,1,0,1,0,
1,3,0,0,,1,0,0,0,1,1,0,0,1,1,1,0,1,0,1,0,1,0,0,0,0,0,
1,4,0,0,,1,1,1,0,0,1,0,0,1,1,0,1,1,0,1,0,1,0,0,1,0,1,
1,5,0,0,,1,1,1,0,1,0,0,1,1,0,1,1,1,1,0,1,1,0,0,1,1,0,
1,6,0,0,,0,0,1,0,1,1,0,0,0,0,1,1,1,0,0,1,1,1,1,0,0,0,
1,7,0,0,,1,1,1,0,0,0,0,0,1,0,1,1,1,0,1,1,1,0,0,1,0,0,
Generation,Solution No.,before normarized,After normarized,,Gene row
1,0,0,0,,0,1,1,0,1,0,1,0,0,1,0,1,1,0,0,1,0,1,1,1,1,0,
1,1,0,0,,1,1,0,1,1,0,0,1,1,0,0,1,1,0,1,0,1,0,1,0,0,1,
1,2,0,0,,0,1,1,1,1,0,0,1,1,1,0,0,1,0,0,1,1,0,1,0,1,0,
1,3,0,0,,1,0,0,0,1,1,0,0,1,1,1,0,1,0,1,0,1,0,0,0,0,0,
1,4,0,0,,1,1,1,0,0,1,0,0,1,1,0,1,1,0,1,0,1,0,0,1,0,1,
1,5,0,0,,1,1,1,0,1,0,0,1,1,0,1,1,1,1,0,1,1,0,0,1,1,0,
1,6,0,0,,0,0,1,0,1,1,0,0,0,0,1,1,1,0,0,1,1,1,1,0,0,0,
1,7,0,0,,1,1,1,0,0,0,0,0,1,0,1,1,1,0,1,1,1,0,0,1,0,0,
Generation,Solution No.,before normarized,After normarized,,Gene row
1,0,0,0,,0,1,1,0,1,0,1,0,0,1,0,1,1,0,0,1,0,1,1,1,1,0,
1,1,0,0,,1,1,0,1,1,0,0,1,1,0,0,1,1,0,1,0,1,0,1,0,0,1,
1,2,0,0,,0,1,1,1,1,0,0,1,1,1,0,0,1,0,0,1,1,0,1,0,1,0,
1,3,0,0,,1,0,0,0,1,1,0,0,1,1,1,0,1,0,1,0,1,0,0,0,0,0,
1,4,0,0,,1,1,1,0,0,1,0,0,1,1,0,1,1,0,1,0,1,0,0,1,0,1,
1,5,0,0,,1,1,1,0,1,0,0,1,1,0,1,1,1,1,0,1,1,0,0,1,1,0,
1,6,0,0,,0,0,1,0,1,1,0,0,0,0,1,1,1,0,0,1,1,1,1,0,0,0,
1,7,0,0,,1,1,1,0,0,0,0,0,1,0,1,1,1,0,1,1,1,0,0,1,0,0,
Generation,Solution No.,before normarized,After normarized,,Gene row
1,0,0,0,,0,1,1,0,1,0,1,0,0,1,0,1,1,0,0,1,0,1,1,1,1,0,
1,1,0,0,,1,1,0,1,1,0,0,1,1,0,0,1,1,0,1,0,1,0,1,0,0,1,
1,2,0,0,,0,1,1,1,1,0,0,1,1,1,0,0,1,0,0,1,1,0,1,0,1,0,
1,3,0,0,,1,0,0,0,1,1,0,0,1,1,1,0,1,0,1,0,1,0,0,0,0,0,
1,4,0,0,,1,1,1,0,0,1,0,0,1,1,0,1,1,0,1,0,1,0,0,1,0,1,
1,5,0,0,,1,1,1,0,1,0,0,1,1,0,1,1,1,1,0,1,1,0,0,1,1,0,
1,6,0,0,,0,0,1,0,1,1,0,0,0,0,1,1,1,0,0,1,1,1,1,0,0,0,
1,7,0,0,,1,1,1,0,0,0,0,0,1,0,1,1,1,0,1,1,1,0,0,1,0,0,
Generation,Solution No.,before normarized,After normarized,,Gene row
1,0,0,0,,0,1,1,0,1,0,1,0,0,1,0,1,1,0,0,1,0,1,1,1,1,0,
1,1,0,0,,1,1,0,1,1,0,0,1,1,0,0,1,1,0,1,0,1,0,1,0,0,1,
1,2,0,0,,0,1,1,1,1,0,0,1,1,1,0,0,1,0,0,1,1,0,1,0,1,0,
1,3,0,0,,1,0,0,0,1,1,0,0,1,1,1,0,1,0,1,0,1,0,0,0,0,0,
1,4,0,0,,1,1,1,0,0,1,0,0,1,1,0,1,1,0,1,0,1,0,0,1,0,1,
1,5,0,0,,1,1,1,0,1,0,0,1,1,0,1,1,1,1,0,1,1,0,0,1,1,0,
1,6,0,0,,0,0,1,0,1,1,0,0,0,0,1,1,1,0,0,1,1,1,1,0,0,0,
1,7,0,0,,1,1,1,0,0,0,0,0,1,0,1,1,1,0,1,1,1,0,0,1,0,0,
Generation,Solution No.,before normarized,After normarized,,Gene row
1,0,0,0,,0,1,1,0,1,0,1,0,0,1,0,1,1,0,0,1,0,1,1,1,1,0,
1,1,0,0,,1,1,0,1,1,0,0,1,1,0,0,1,1,0,1,0,1,0,1,0,0,1,
1,2,0,0,,0,1,1,1,1,0,0,1,1,1,0,0,1,0,0,1,1,0,1,0,1,0,
1,3,0,0,,1,0,0,0,1,1,0,0,1,1,1,0,1,0,1,0,1,0,0,0,0,0,
1,4,0,0,,1,1,1,0,0,1,0,0,1,1,0,1,1,0,1,0,1,0,0,1,0,1,
1,5,0,0,,1,1,1,0,1,0,0,1,1,0,1,1,1,1,0,1,1,0,0,1,1,0,
1,6,0,0,,0,0,1,0,1,1,0,0,0,0,1,1,1,0,0,1,1,1,1,0,0,0,
1,7,0,0,,1,1,1,0,0,0,0,0,1,0,1,1,1,0,1,1,1,0,0,1,0,0,
Generation,Solution No.,before normarized,After normarized,,Gene row
1,0,0,0,,0,1,1,0,1,0,1,0,0,1,0,1,1,0,0,1,0,1,1,1,1,0,
1,1,0,0,,1,1,0,1,1,0,0,1,1,0,0,1,1,0,1,0,1,0,1,0,0,1,
1,2,0,0,,0,1,1,1,1,0,0,1,1,1,0,0,1,0,0,1,1,0,1,0,1,0,
1,3,0,0,,1,0,0,0,1,1,0,0,1,1,1,0,1,0,1,0,1,0,0,0,0,0,
1,4,0,0,,1,1,1,0,0,1,0,0,1,1,0,1,1,0,1,0,1,0,0,1,0,1,
1,5,0,0,,1,1,1,0,1,0,0,1,1,0,1,1,1,1,0,1,1,0,0,1,1,0,
1,6,0,0,,0,0,1,0,1,1,0,0,0,0,1,1,1,0,0,1,1,1,1,0,0,0,
1,7,0,0,,1,1,1,0,0,0,0,0,1,0,1,1,1,0,1,1,1,0,0,1,0,0,
Generation,Solution No.,before normarized,After normarized,,Gene row
1,0,0,0,,0,1,1,0,1,0,1,0,0,1,0,1,1,0,0,1,0,1,1,1,1,0,
1,1,0,0,,1,1,0,1,1,0,0,1,1,0,0,1,1,0,1,0,1,0,1,0,0,1,
1,2,0,0,,0,1,1,1,1,0,0,1,1,1,0,0,1,0,0,1,1,0,1,0,1,0,
1,3,0,0,,1,0,0,0,1,1,0,0,1,1,1,0,1,0,1,0,1,0,0,0,0,0,
1,4,0,0,,1,1,1,0,0,1,0,0,1,1,0,1,1,0,1,0,1,0,0,1,0,1,
1,5,0,0,,1,1,1,0,1,0,0,1,1,0,1,1,1,1,0,1,1,0,0,1,1,0,
1,6,0,0,,0,0,1,0,1,1,0,0,0,0,1,1,1,0,0,1,1,1,1,0,0,0,
1,7,0,0,,1,1,1,0,0,0,0,0,1,0,1,1,1,0,1,1,1,0,0,1,0,0,
Generation,Solution No.,before normarized,After normarized,,Gene row
1,0,0,0,,0,1,1,0,1,0,1,0,0,1,0,1,1,0,0,1,0,1,1,1,1,0,
1,1,0,0,,1,1,0,1,1,0,0,1,1,0,0,1,1,0,1,0,1,0,1,0,0,1,
1,2,0,0,,0,1,1,1,1,0,0,1,1,1,0,0,1,0,0,1,1,0,1,0,1,0,
1,3,0,0,,1,0,0,0,1,1,0,0,1,1,1,0,1,0,1,0,1,0,0,0,0,0,
1,4,0,0,,1,1,1,0,0,1,0,0,1,1,0,1,1,0,1,0,1,0,0,1,0,1,
1,5,0,0,,1,1,1,0,1,0,0,1,1,0,1,1,1,1,0,1,1,0,0,1,1,0,
1,6,0,0,,0,0,1,0,1,1,0,0,0,0,1,1,1,0,0,1,1,1,1,0,0,0,
1,7,0,0,,1,1,1,0,0,0,0,0,1,0,1,1,1,0,1,1,1,0,0,1,0,0,
Generation,Solution No.,before normarized,After normarized,,Gene row
1,0,0,0,,0,1,1,0,1,0,1,0,0,1,0,1,1,0,0,1,0,1,1,1,1,0,
1,1,0,0,,1,1,0,1,1,0,0,1,1,0,0,1,1,0,1,0,1,0,1,0,0,1,
1,2,0,0,,0,1,1,1,1,0,0,1,1,1,0,0,1,0,0,1,1,0,1,0,1,0,
1,3,0,0,,1,0,0,0,1,1,0,0,1,1,1,0,1,0,1,0,1,0,0,0,0,0,
1,4,0,0,,1,1,1,0,0,1,0,0,1,1,0,1,1,0,1,0,1,0,0,1,0,1,
1,5,0,0,,1,1,1,0,1,0,0,1,1,0,1,1,1,1,0,1,1,0,0,1,1,0,
1,6,0,0,,0,0,1,0,1,1,0,0,0,0,1,1,1,0,0,1,1,1,1,0,0,0,
1,7,0,0,,1,1,1,0,0,0,0,0,1,0,1,1,1,0,1,1,1,0,0,1,0,0,
Generation,Solution No.,before normarized,After normarized,,Gene row
1,0,0,0,,0,1,1,0,1,0,1,0,0,1,0,1,1,0,0,1,0,1,1,1,1,0,
1,1,0,0,,1,1,0,1,1,0,0,1,1,0,0,1,1,0,1,0,1,0,1,0,0,1,
1,2,0,0,,0,1,1,1,1,0,0,1,1,1,0,0,1,0,0,1,1,0,1,0,1,0,
1,3,0,0,,1,0,0,0,1,1,0,0,1,1,1,0,1,0,1,0,1,0,0,0,0,0,
1,4,0,0,,1,1,1,0,0,1,0,0,1,1,0,1,1,0,1,0,1,0,0,1,0,1,
1,5,0,0,,1,1,1,0,1,0,0,1,1,0,1,1,1,1,0,1,1,0,0,1,1,0,
1,6,0,0,,0,0,1,0,1,1,0,0,0,0,1,1,1,0,0,1,1,1,1,0,0,0,
1,7,0,0,,1,1,1,0,0,0,0,0,1,0,1,1,1,0,1,1,1,0,0,1,0,0,
Generation,Solution No.,before normarized,After normarized,,Gene row
1,0,0,0,,0,1,1,0,1,0,1,0,0,1,0,1,1,0,0,1,0,1,1,1,1,0,
1,1,0,0,,1,1,0,1,1,0,0,1,1,0,0,1,1,0,1,0,1,0,1,0,0,1,
1,2,0,0,,0,1,1,1,1,0,0,1,1,1,0,0,1,0,0,1,1,0,1,0,1,0,
1,3,0,0,,1,0,0,0,1,1,0,0,1,1,1,0,1,0,1,0,1,0,0,0,0,0,
1,4,0,0,,1,1,1,0,0,1,0,0,1,1,0,1,1,0,1,0,1,0,0,1,0,1,
1,5,0,0,,1,1,1,0,1,0,0,1,1,0,1,1,1,1,0,1,1,0,0,1,1,0,
1,6,0,0,,0,0,1,0,1,1,0,0,0,0,1,1,1,0,0,1,1,1,1,0,0,0,
1,7,0,0,,1,1,1,0,0,0,0,0,1,0,1,1,1,0,1,1,1,0,0,1,0,0,
Generation,Solution No.,before normarized,After normarized,,Gene row
1,0,0,0,,0,1,1,0,1,0,1,0,0,1,0,1,1,0,0,1,0,1,1,1,1,0,
1,1,0,0,,1,1,0,1,1,0,0,1,1,0,0,1,1,0,1,0,1,0,1,0,0,1,
1,2,0,0,,0,1,1,1,1,0,0,1,1,1,0,0,1,0,0,1,1,0,1,0,1,0,
1,3,0,0,,1,0,0,0,1,1,0,0,1,1,1,0,1,0,1,0,1,0,0,0,0,0,
1,4,0,0,,1,1,1,0,0,1,0,0,1,1,0,1,1,0,1,0,1,0,0,1,0,1,
1,5,0,0,,1,1,1,0,1,0,0,1,1,0,1,1,1,1,0,1,1,0,0,1,1,0,
1,6,0,0,,0,0,1,0,1,1,0,0,0,0,1,1,1,0,0,1,1,1,1,0,0,0,
1,7,0,0,,1,1,1,0,0,0,0,0,1,0,1,1,1,0,1,1,1,0,0,1,0,0,
Generation,Solution No.,before normarized,After normarized,,Gene row
1,0,0,0,,0,1,1,0,1,0,1,0,0,1,0,1,1,0,0,1,0,1,1,1,1,0,
1,1,0,0,,1,1,0,1,1,0,0,1,1,0,0,1,1,0,1,0,1,0,1,0,0,1,
1,2,0,0,,0,1,1,1,1,0,0,1,1,1,0,0,1,0,0,1,1,0,1,0,1,0,
1,3,0,0,,1,0,0,0,1,1,0,0,1,1,1,0,1,0,1,0,1,0,0,0,0,0,
1,4,0,0,,1,1,1,0,0,1,0,0,1,1,0,1,1,0,1,0,1,0,0,1,0,1,
1,5,0,0,,1,1,1,0,1,0,0,1,1,0,1,1,1,1,0,1,1,0,0,1,1,0,
1,6,0,0,,0,0,1,0,1,1,0,0,0,0,1,1,1,0,0,1,1,1,1,0,0,0,
1,7,0,0,,1,1,1,0,0,0,0,0,1,0,1,1,1,0,1,1,1,0,0,1,0,0,
Generation,Solution No.,before normarized,After normarized,,Gene row
1,0,0,0,,0,1,1,0,1,0,1,0,0,1,0,1,1,0,0,1,0,1,1,1,1,0,
1,1,0,0,,1,1,0,1,1,0,0,1,1,0,0,1,1,0,1,0,1,0,1,0,0,1,
1,2,0,0,,0,1,1,1,1,0,0,1,1,1,0,0,1,0,0,1,1,0,1,0,1,0,
1,3,0,0,,1,0,0,0,1,1,0,0,1,1,1,0,1,0,1,0,1,0,0,0,0,0,
1,4,0,0,,1,1,1,0,0,1,0,0,1,1,0,1,1,0,1,0,1,0,0,1,0,1,
1,5,0,0,,1,1,1,0,1,0,0,1,1,0,1,1,1,1,0,1,1,0,0,1,1,0,
1,6,0,0,,0,0,1,0,1,1,0,0,0,0,1,1,1,0,0,1,1,1,1,0,0,0,
1,7,0,0,,1,1,1,0,0,0,0,0,1,0,1,1,1,0,1,1,1,0,0,1,0,0,
Generation,Solution No.,before normarized,After normarized,,Gene row
1,0,0,0,,0,1,1,0,1,0,1,0,0,1,0,1,1,0,0,1,0,1,1,1,1,0,
1,1,0,0,,1,1,0,1,1,0,0,1,1,0,0,1,1,0,1,0,1,0,1,0,0,1,
1,2,0,0,,0,1,1,1,1,0,0,1,1,1,0,0,1,0,0,1,1,0,1,0,1,0,
1,3,0,0,,1,0,0,0,1,1,0,0,1,1,1,0,1,0,1,0,1,0,0,0,0,0,
1,4,0,0,,1,1,1,0,0,1,0,0,1,1,0,1,1,0,1,0,1,0,0,1,0,1,
1,5,0,0,,1,1,1,0,1,0,0,1,1,0,1,1,1,1,0,1,1,0,0,1,1,0,
1,6,0,0,,0,0,1,0,1,1,0,0,0,0,1,1,1,0,0,1,1,1,1,0,0,0,
1,7,0,0,,1,1,1,0,0,0,0,0,1,0,1,1,1,0,1,1,1,0,0,1,0,0,
Generation,Solution No.,before normarized,After normarized,,Gene row
1,0,0,0,,0,1,1,0,1,0,1,0,0,1,0,1,1,0,0,1,0,1,1,1,1,0,
1,1,0,0,,1,1,0,1,1,0,0,1,1,0,0,1,1,0,1,0,1,0,1,0,0,1,
1,2,0,0,,0,1,1,1,1,0,0,1,1,1,0,0,1,0,0,1,1,0,1,0,1,0,
1,3,0,0,,1,0,0,0,1,1,0,0,1,1,1,0,1,0,1,0,1,0,0,0,0,0,
1,4,0,0,,1,1,1,0,0,1,0,0,1,1,0,1,1,0,1,0,1,0,0,1,0,1,
1,5,0,0,,1,1,1,0,1,0,0,1,1,0,1,1,1,1,0,1,1,0,0,1,1,0,
1,6,0,0,,0,0,1,0,1,1,0,0,0,0,1,1,1,0,0,1,1,1,1,0,0,0,
1,7,0,0,,1,1,1,0,0,0,0,0,1,0,1,1,1,0,1,1,1,0,0,1,0,0,
Generation,Solution No.,before normarized,After normarized,,Gene row
1,0,0,0,,0,1,1,0,1,0,1,0,0,1,0,1,1,0,0,1,0,1,1,1,1,0,
1,1,0,0,,1,1,0,1,1,0,0,1,1,0,0,1,1,0,1,0,1,0,1,0,0,1,
1,2,0,0,,0,1,1,1,1,0,0,1,1,1,0,0,1,0,0,1,1,0,1,0,1,0,
1,3,0,0,,1,0,0,0,1,1,0,0,1,1,1,0,1,0,1,0,1,0,0,0,0,0,
1,4,0,0,,1,1,1,0,0,1,0,0,1,1,0,1,1,0,1,0,1,0,0,1,0,1,
1,5,0,0,,1,1,1,0,1,0,0,1,1,0,1,1,1,1,0,1,1,0,0,1,1,0,
1,6,0,0,,0,0,1,0,1,1,0,0,0,0,1,1,1,0,0,1,1,1,1,0,0,0,
1,7,0,0,,1,1,1,0,0,0,0,0,1,0,1,1,1,0,1,1,1,0,0,1,0,0,
Generation,Solution No.,before normarized,After normarized,,Gene row
1,0,0,0,,0,1,1,0,1,0,1,0,0,1,0,1,1,0,0,1,0,1,1,1,1,0,
1,1,0,0,,1,1,0,1,1,0,0,1,1,0,0,1,1,0,1,0,1,0,1,0,0,1,
1,2,0,0,,0,1,1,1,1,0,0,1,1,1,0,0,1,0,0,1,1,0,1,0,1,0,
1,3,0,0,,1,0,0,0,1,1,0,0,1,1,1,0,1,0,1,0,1,0,0,0,0,0,
1,4,0,0,,1,1,1,0,0,1,0,0,1,1,0,1,1,0,1,0,1,0,0,1,0,1,
1,5,0,0,,1,1,1,0,1,0,0,1,1,0,1,1,1,1,0,1,1,0,0,1,1,0,
1,6,0,0,,0,0,1,0,1,1,0,0,0,0,1,1,1,0,0,1,1,1,1,0,0,0,
1,7,0,0,,1,1,1,0,0,0,0,0,1,0,1,1,1,0,1,1,1,0,0,1,0,0,
Generation,Solution No.,before normarized,After normarized,,Gene row
1,0,0,0,,0,1,1,0,1,0,1,0,0,1,0,1,1,0,0,1,0,1,1,1,1,0,
1,1,0,0,,1,1,0,1,1,0,0,1,1,0,0,1,1,0,1,0,1,0,1,0,0,1,
1,2,0,0,,0,1,1,1,1,0,0,1,1,1,0,0,1,0,0,1,1,0,1,0,1,0,
1,3,0,0,,1,0,0,0,1,1,0,0,1,1,1,0,1,0,1,0,1,0,0,0,0,0,
1,4,0,0,,1,1,1,0,0,1,0,0,1,1,0,1,1,0,1,0,1,0,0,1,0,1,
1,5,0,0,,1,1,1,0,1,0,0,1,1,0,1,1,1,1,0,1,1,0,0,1,1,0,
1,6,0,0,,0,0,1,0,1,1,0,0,0,0,1,1,1,0,0,1,1,1,1,0,0,0,
1,7,0,0,,1,1,1,0,0,0,0,0,1,0,1,1,1,0,1,1,1,0,0,1,0,0,
Generation,Solution No.,before normarized,After normarized,,Gene row
1,0,0,0,,0,1,1,0,1,0,1,0,0,1,0,1,1,0,0,1,0,1,1,1,1,0,
1,1,0,0,,1,1,0,1,1,0,0,1,1,0,0,1,1,0,1,0,1,0,1,0,0,1,
1,2,0,0,,0,1,1,1,1,0,0,1,1,1,0,0,1,0,0,1,1,0,1,0,1,0,
1,3,0,0,,1,0,0,0,1,1,0,0,1,1,1,0,1,0,1,0,1,0,0,0,0,0,
1,4,0,0,,1,1,1,0,0,1,0,0,1,1,0,1,1,0,1,0,1,0,0,1,0,1,
1,5,0,0,,1,1,1,0,1,0,0,1,1,0,1,1,1,1,0,1,1,0,0,1,1,0,
1,6,0,0,,0,0,1,0,1,1,0,0,0,0,1,1,1,0,0,1,1,1,1,0,0,0,
1,7,0,0,,1,1,1,0,0,0,0,0,1,0,1,1,1,0,1,1,1,0,0,1,0,0,
Generation,Solution No.,before normarized,After normarized,,Gene row
1,0,0,0,,0,1,1,0,1,0,1,0,0,1,0,1,1,0,0,1,0,1,1,1,1,0,
1,1,0,0,,1,1,0,1,1,0,0,1,1,0,0,1,1,0,1,0,1,0,1,0,0,1,
1,2,0,0,,0,1,1,1,1,0,0,1,1,1,0,0,1,0,0,1,1,0,1,0,1,0,
1,3,0,0,,1,0,0,0,1,1,0,0,1,1,1,0,1,0,1,0,1,0,0,0,0,0,
1,4,0,0,,1,1,1,0,0,1,0,0,1,1,0,1,1,0,1,0,1,0,0,1,0,1,
1,5,0,0,,1,1,1,0,1,0,0,1,1,0,1,1,1,1,0,1,1,0,0,1,1,0,
1,6,0,0,,0,0,1,0,1,1,0,0,0,0,1,1,1,0,0,1,1,1,1,0,0,0,
1,7,0,0,,1,1,1,0,0,0,0,0,1,0,1,1,1,0,1,1,1,0,0,1,0,0,
Generation,Solution No.,before normarized,After normarized,,Gene row
1,0,0,0,,0,1,1,0,1,0,1,0,0,1,0,1,1,0,0,1,0,1,1,1,1,0,
1,1,0,0,,1,1,0,1,1,0,0,1,1,0,0,1,1,0,1,0,1,0,1,0,0,1,
1,2,0,0,,0,1,1,1,1,0,0,1,1,1,0,0,1,0,0,1,1,0,1,0,1,0,
1,3,0,0,,1,0,0,0,1,1,0,0,1,1,1,0,1,0,1,0,1,0,0,0,0,0,
1,4,0,0,,1,1,1,0,0,1,0,0,1,1,0,1,1,0,1,0,1,0,0,1,0,1,
1,5,0,0,,1,1,1,0,1,0,0,1,1,0,1,1,1,1,0,1,1,0,0,1,1,0,
1,6,0,0,,0,0,1,0,1,1,0,0,0,0,1,1,1,0,0,1,1,1,1,0,0,0,
1,7,0,0,,1,1,1,0,0,0,0,0,1,0,1,1,1,0,1,1,1,0,0,1,0,0,
Generation,Solution No.,before normarized,After normarized,,Gene row
1,0,0,0,,0,1,1,0,1,0,1,0,0,1,0,1,1,0,0,1,0,1,1,1,1,0,
1,1,0,0,,1,1,0,1,1,0,0,1,1,0,0,1,1,0,1,0,1,0,1,0,0,1,
1,2,0,0,,0,1,1,1,1,0,0,1,1,1,0,0,1,0,0,1,1,0,1,0,1,0,
1,3,0,0,,1,0,0,0,1,1,0,0,1,1,1,0,1,0,1,0,1,0,0,0,0,0,
1,4,0,0,,1,1,1,0,0,1,0,0,1,1,0,1,1,0,1,0,1,0,0,1,0,1,
1,5,0,0,,1,1,1,0,1,0,0,1,1,0,1,1,1,1,0,1,1,0,0,1,1,0,
1,6,0,0,,0,0,1,0,1,1,0,0,0,0,1,1,1,0,0,1,1,1,1,0,0,0,
1,7,0,0,,1,1,1,0,0,0,0,0,1,0,1,1,1,0,1,1,1,0,0,1,0,0,
Generation,Solution No.,before normarized,After normarized,,Gene row
1,0,0,0,,0,1,1,0,1,0,1,0,0,1,0,1,1,0,0,1,0,1,1,1,1,0,
1,1,0,0,,1,1,0,1,1,0,0,1,1,0,0,1,1,0,1,0,1,0,1,0,0,1,
1,2,0,0,,0,1,1,1,1,0,0,1,1,1,0,0,1,0,0,1,1,0,1,0,1,0,
1,3,0,0,,1,0,0,0,1,1,0,0,1,1,1,0,1,0,1,0,1,0,0,0,0,0,
1,4,0,0,,1,1,1,0,0,1,0,0,1,1,0,1,1,0,1,0,1,0,0,1,0,1,
1,5,0,0,,1,1,1,0,1,0,0,1,1,0,1,1,1,1,0,1,1,0,0,1,1,0,
1,6,0,0,,0,0,1,0,1,1,0,0,0,0,1,1,1,0,0,1,1,1,1,0,0,0,
1,7,0,0,,1,1,1,0,0,0,0,0,1,0,1,1,1,0,1,1,1,0,0,1,0,0,
Generation,Solution No.,before normarized,After normarized,,Gene row
1,0,0,0,,0,1,1,0,1,0,1,0,0,1,0,1,1,0,0,1,0,1,1,1,1,0,
1,1,0,0,,1,1,0,1,1,0,0,1,1,0,0,1,1,0,1,0,1,0,1,0,0,1,
1,2,0,0,,0,1,1,1,1,0,0,1,1,1,0,0,1,0,0,1,1,0,1,0,1,0,
1,3,0,0,,1,0,0,0,1,1,0,0,1,1,1,0,1,0,1,0,1,0,0,0,0,0,
1,4,0,0,,1,1,1,0,0,1,0,0,1,1,0,1,1,0,1,0,1,0,0,1,0,1,
1,5,0,0,,1,1,1,0,1,0,0,1,1,0,1,1,1,1,0,1,1,0,0,1,1,0,
1,6,0,0,,0,0,1,0,1,1,0,0,0,0,1,1,1,0,0,1,1,1,1,0,0,0,
1,7,0,0,,1,1,1,0,0,0,0,0,1,0,1,1,1,0,1,1,1,0,0,1,0,0,
Generation,Solution No.,before normarized,After normarized,,Gene row
1,0,0,0,,0,1,1,0,1,0,1,0,0,1,0,1,1,0,0,1,0,1,1,1,1,0,
1,1,0,0,,1,1,0,1,1,0,0,1,1,0,0,1,1,0,1,0,1,0,1,0,0,1,
1,2,0,0,,0,1,1,1,1,0,0,1,1,1,0,0,1,0,0,1,1,0,1,0,1,0,
1,3,0,0,,1,0,0,0,1,1,0,0,1,1,1,0,1,0,1,0,1,0,0,0,0,0,
1,4,0,0,,1,1,1,0,0,1,0,0,1,1,0,1,1,0,1,0,1,0,0,1,0,1,
1,5,0,0,,1,1,1,0,1,0,0,1,1,0,1,1,1,1,0,1,1,0,0,1,1,0,
1,6,0,0,,0,0,1,0,1,1,0,0,0,0,1,1,1,0,0,1,1,1,1,0,0,0,
1,7,0,0,,1,1,1,0,0,0,0,0,1,0,1,1,1,0,1,1,1,0,0,1,0,0,
Generation,Solution No.,before normarized,After normarized,,Gene row
1,0,0,0,,0,1,1,0,1,0,1,0,0,1,0,1,1,0,0,1,0,1,1,1,1,0,
1,1,0,0,,1,1,0,1,1,0,0,1,1,0,0,1,1,0,1,0,1,0,1,0,0,1,
1,2,0,0,,0,1,1,1,1,0,0,1,1,1,0,0,1,0,0,1,1,0,1,0,1,0,
1,3,0,0,,1,0,0,0,1,1,0,0,1,1,1,0,1,0,1,0,1,0,0,0,0,0,
1,4,0,0,,1,1,1,0,0,1,0,0,1,1,0,1,1,0,1,0,1,0,0,1,0,1,
1,5,0,0,,1,1,1,0,1,0,0,1,1,0,1,1,1,1,0,1,1,0,0,1,1,0,
1,6,0,0,,0,0,1,0,1,1,0,0,0,0,1,1,1,0,0,1,1,1,1,0,0,0,
1,7,0,0,,1,1,1,0,0,0,0,0,1,0,1,1,1,0,1,1,1,0,0,1,0,0,
Generation,Solution No.,before normarized,After normarized,,Gene row
1,0,0,0,,0,1,1,0,1,0,1,0,0,1,0,1,1,0,0,1,0,1,1,1,1,0,
1,1,0,0,,1,1,0,1,1,0,0,1,1,0,0,1,1,0,1,0,1,0,1,0,0,1,
1,2,0,0,,0,1,1,1,1,0,0,1,1,1,0,0,1,0,0,1,1,0,1,0,1,0,
1,3,0,0,,1,0,0,0,1,1,0,0,1,1,1,0,1,0,1,0,1,0,0,0,0,0,
1,4,0,0,,1,1,1,0,0,1,0,0,1,1,0,1,1,0,1,0,1,0,0,1,0,1,
1,5,0,0,,1,1,1,0,1,0,0,1,1,0,1,1,1,1,0,1,1,0,0,1,1,0,
1,6,0,0,,0,0,1,0,1,1,0,0,0,0,1,1,1,0,0,1,1,1,1,0,0,0,
1,7,0,0,,1,1,1,0,0,0,0,0,1,0,1,1,1,0,1,1,1,0,0,1,0,0,
Generation,Solution No.,before normarized,After normarized,,Gene row
1,0,0,0,,0,1,1,0,1,0,1,0,0,1,0,1,1,0,0,1,0,1,1,1,1,0,
1,1,0,0,,1,1,0,1,1,0,0,1,1,0,0,1,1,0,1,0,1,0,1,0,0,1,
1,2,0,0,,0,1,1,1,1,0,0,1,1,1,0,0,1,0,0,1,1,0,1,0,1,0,
1,3,0,0,,1,0,0,0,1,1,0,0,1,1,1,0,1,0,1,0,1,0,0,0,0,0,
1,4,0,0,,1,1,1,0,0,1,0,0,1,1,0,1,1,0,1,0,1,0,0,1,0,1,
1,5,0,0,,1,1,1,0,1,0,0,1,1,0,1,1,1,1,0,1,1,0,0,1,1,0,
1,6,0,0,,0,0,1,0,1,1,0,0,0,0,1,1,1,0,0,1,1,1,1,0,0,0,
1,7,0,0,,1,1,1,0,0,0,0,0,1,0,1,1,1,0,1,1,1,0,0,1,0,0,
Generation,Solution No.,before normarized,After normarized,,Gene row
1,0,0,0,,0,1,1,0,1,0,1,0,0,1,0,1,1,0,0,1,0,1,1,1,1,0,
1,1,0,0,,1,1,0,1,1,0,0,1,1,0,0,1,1,0,1,0,1,0,1,0,0,1,
1,2,0,0,,0,1,1,1,1,0,0,1,1,1,0,0,1,0,0,1,1,0,1,0,1,0,
1,3,0,0,,1,0,0,0,1,1,0,0,1,1,1,0,1,0,1,0,1,0,0,0,0,0,
1,4,0,0,,1,1,1,0,0,1,0,0,1,1,0,1,1,0,1,0,1,0,0,1,0,1,
1,5,0,0,,1,1,1,0,1,0,0,1,1,0,1,1,1,1,0,1,1,0,0,1,1,0,
1,6,0,0,,0,0,1,0,1,1,0,0,0,0,1,1,1,0,0,1,1,1,1,0,0,0,
1,7,0,0,,1,1,1,0,0,0,0,0,1,0,1,1,1,0,1,1,1,0,0,1,0,0,
Generation,Solution No.,before normarized,After normarized,,Gene row
1,0,0,0,,0,1,1,0,1,0,1,0,0,1,0,1,1,0,0,1,0,1,1,1,1,0,
1,1,0,0,,1,1,0,1,1,0,0,1,1,0,0,1,1,0,1,0,1,0,1,0,0,1,
1,2,0,0,,0,1,1,1,1,0,0,1,1,1,0,0,1,0,0,1,1,0,1,0,1,0,
1,3,0,0,,1,0,0,0,1,1,0,0,1,1,1,0,1,0,1,0,1,0,0,0,0,0,
1,4,0,0,,1,1,1,0,0,1,0,0,1,1,0,1,1,0,1,0,1,0,0,1,0,1,
1,5,0,0,,1,1,1,0,1,0,0,1,1,0,1,1,1,1,0,1,1,0,0,1,1,0,
1,6,0,0,,0,0,1,0,1,1,0,0,0,0,1,1,1,0,0,1,1,1,1,0,0,0,
1,7,0,0,,1,1,1,0,0,0,0,0,1,0,1,1,1,0,1,1,1,0,0,1,0,0,
Generation,Solution No.,before normarized,After normarized,,Gene row
1,0,0,0,,0,1,1,0,1,0,1,0,0,1,0,1,1,0,0,1,0,1,1,1,1,0,
1,1,0,0,,1,1,0,1,1,0,0,1,1,0,0,1,1,0,1,0,1,0,1,0,0,1,
1,2,0,0,,0,1,1,1,1,0,0,1,1,1,0,0,1,0,0,1,1,0,1,0,1,0,
1,3,0,0,,1,0,0,0,1,1,0,0,1,1,1,0,1,0,1,0,1,0,0,0,0,0,
1,4,0,0,,1,1,1,0,0,1,0,0,1,1,0,1,1,0,1,0,1,0,0,1,0,1,
1,5,0,0,,1,1,1,0,1,0,0,1,1,0,1,1,1,1,0,1,1,0,0,1,1,0,
1,6,0,0,,0,0,1,0,1,1,0,0,0,0,1,1,1,0,0,1,1,1,1,0,0,0,
1,7,0,0,,1,1,1,0,0,0,0,0,1,0,1,1,1,0,1,1,1,0,0,1,0,0,
Generation,Solution No.,before normarized,After normarized,,Gene row
1,0,0,0,,0,1,1,0,1,0,1,0,0,1,0,1,1,0,0,1,0,1,1,1,1,0,
1,1,0,0,,1,1,0,1,1,0,0,1,1,0,0,1,1,0,1,0,1,0,1,0,0,1,
1,2,0,0,,0,1,1,1,1,0,0,1,1,1,0,0,1,0,0,1,1,0,1,0,1,0,
1,3,0,0,,1,0,0,0,1,1,0,0,1,1,1,0,1,0,1,0,1,0,0,0,0,0,
1,4,0,0,,1,1,1,0,0,1,0,0,1,1,0,1,1,0,1,0,1,0,0,1,0,1,
1,5,0,0,,1,1,1,0,1,0,0,1,1,0,1,1,1,1,0,1,1,0,0,1,1,0,
1,6,0,0,,0,0,1,0,1,1,0,0,0,0,1,1,1,0,0,1,1,1,1,0,0,0,
1,7,0,0,,1,1,1,0,0,0,0,0,1,0,1,1,1,0,1,1,1,0,0,1,0,0,
Generation,Solution No.,before normarized,After normarized,,Gene row
1,0,0,0,,0,1,1,0,1,0,1,0,0,1,0,1,1,0,0,1,0,1,1,1,1,0,
1,1,0,0,,1,1,0,1,1,0,0,1,1,0,0,1,1,0,1,0,1,0,1,0,0,1,
1,2,0,0,,0,1,1,1,1,0,0,1,1,1,0,0,1,0,0,1,1,0,1,0,1,0,
1,3,0,0,,1,0,0,0,1,1,0,0,1,1,1,0,1,0,1,0,1,0,0,0,0,0,
1,4,0,0,,1,1,1,0,0,1,0,0,1,1,0,1,1,0,1,0,1,0,0,1,0,1,
1,5,0,0,,1,1,1,0,1,0,0,1,1,0,1,1,1,1,0,1,1,0,0,1,1,0,
1,6,0,0,,0,0,1,0,1,1,0,0,0,0,1,1,1,0,0,1,1,1,1,0,0,0,
1,7,0,0,,1,1,1,0,0,0,0,0,1,0,1,1,1,0,1,1,1,0,0,1,0,0,
Generation,Solution No.,before normarized,After normarized,,Gene row
1,0,0,0,,0,1,1,0,1,0,1,0,0,1,0,1,1,0,0,1,0,1,1,1,1,0,
1,1,0,0,,1,1,0,1,1,0,0,1,1,0,0,1,1,0,1,0,1,0,1,0,0,1,
1,2,0,0,,0,1,1,1,1,0,0,1,1,1,0,0,1,0,0,1,1,0,1,0,1,0,
1,3,0,0,,1,0,0,0,1,1,0,0,1,1,1,0,1,0,1,0,1,0,0,0,0,0,
1,4,0,0,,1,1,1,0,0,1,0,0,1,1,0,1,1,0,1,0,1,0,0,1,0,1,
1,5,0,0,,1,1,1,0,1,0,0,1,1,0,1,1,1,1,0,1,1,0,0,1,1,0,
1,6,0,0,,0,0,1,0,1,1,0,0,0,0,1,1,1,0,0,1,1,1,1,0,0,0,
1,7,0,0,,1,1,1,0,0,0,0,0,1,0,1,1,1,0,1,1,1,0,0,1,0,0,
Generation,Solution No.,before normarized,After normarized,,Gene row
1,0,0,0,,0,1,1,0,1,0,1,0,0,1,0,1,1,0,0,1,0,1,1,1,1,0,
1,1,0,0,,1,1,0,1,1,0,0,1,1,0,0,1,1,0,1,0,1,0,1,0,0,1,
1,2,0,0,,0,1,1,1,1,0,0,1,1,1,0,0,1,0,0,1,1,0,1,0,1,0,
1,3,0,0,,1,0,0,0,1,1,0,0,1,1,1,0,1,0,1,0,1,0,0,0,0,0,
1,4,0,0,,1,1,1,0,0,1,0,0,1,1,0,1,1,0,1,0,1,0,0,1,0,1,
1,5,0,0,,1,1,1,0,1,0,0,1,1,0,1,1,1,1,0,1,1,0,0,1,1,0,
1,6,0,0,,0,0,1,0,1,1,0,0,0,0,1,1,1,0,0,1,1,1,1,0,0,0,
1,7,0,0,,1,1,1,0,0,0,0,0,1,0,1,1,1,0,1,1,1,0,0,1,0,0,
Generation,Solution No.,before normarized,After normarized,,Gene row
1,0,0,0,,0,1,1,0,1,0,1,0,0,1,0,1,1,0,0,1,0,1,1,1,1,0,
1,1,0,0,,1,1,0,1,1,0,0,1,1,0,0,1,1,0,1,0,1,0,1,0,0,1,
1,2,0,0,,0,1,1,1,1,0,0,1,1,1,0,0,1,0,0,1,1,0,1,0,1,0,
1,3,0,0,,1,0,0,0,1,1,0,0,1,1,1,0,1,0,1,0,1,0,0,0,0,0,
1,4,0,0,,1,1,1,0,0,1,0,0,1,1,0,1,1,0,1,0,1,0,0,1,0,1,
1,5,0,0,,1,1,1,0,1,0,0,1,1,0,1,1,1,1,0,1,1,0,0,1,1,0,
1,6,0,0,,0,0,1,0,1,1,0,0,0,0,1,1,1,0,0,1,1,1,1,0,0,0,
1,7,0,0,,1,1,1,0,0,0,0,0,1,0,1,1,1,0,1,1,1,0,0,1,0,0,
Generation,Solution No.,before normarized,After normarized,,Gene row
1,0,0,0,,0,1,1,0,1,0,1,0,0,1,0,1,1,0,0,1,0,1,1,1,1,0,
1,1,0,0,,1,1,0,1,1,0,0,1,1,0,0,1,1,0,1,0,1,0,1,0,0,1,
1,2,0,0,,0,1,1,1,1,0,0,1,1,1,0,0,1,0,0,1,1,0,1,0,1,0,
1,3,0,0,,1,0,0,0,1,1,0,0,1,1,1,0,1,0,1,0,1,0,0,0,0,0,
1,4,0,0,,1,1,1,0,0,1,0,0,1,1,0,1,1,0,1,0,1,0,0,1,0,1,
1,5,0,0,,1,1,1,0,1,0,0,1,1,0,1,1,1,1,0,1,1,0,0,1,1,0,
1,6,0,0,,0,0,1,0,1,1,0,0,0,0,1,1,1,0,0,1,1,1,1,0,0,0,
1,7,0,0,,1,1,1,0,0,0,0,0,1,0,1,1,1,0,1,1,1,0,0,1,0,0,
Generation,Solution No.,before normarized,After normarized,,Gene row
1,0,0,0,,0,1,1,0,1,0,1,0,0,1,0,1,1,0,0,1,0,1,1,1,1,0,
1,1,0,0,,1,1,0,1,1,0,0,1,1,0,0,1,1,0,1,0,1,0,1,0,0,1,
1,2,0,0,,0,1,1,1,1,0,0,1,1,1,0,0,1,0,0,1,1,0,1,0,1,0,
1,3,0,0,,1,0,0,0,1,1,0,0,1,1,1,0,1,0,1,0,1,0,0,0,0,0,
1,4,0,0,,1,1,1,0,0,1,0,0,1,1,0,1,1,0,1,0,1,0,0,1,0,1,
1,5,0,0,,1,1,1,0,1,0,0,1,1,0,1,1,1,1,0,1,1,0,0,1,1,0,
1,6,0,0,,0,0,1,0,1,1,0,0,0,0,1,1,1,0,0,1,1,1,1,0,0,0,
1,7,0,0,,1,1,1,0,0,0,0,0,1,0,1,1,1,0,1,1,1,0,0,1,0,0,
Generation,Solution No.,before normarized,After normarized,,Gene row
1,0,0,0,,0,1,1,0,1,0,1,0,0,1,0,1,1,0,0,1,0,1,1,1,1,0,
1,1,0,0,,1,1,0,1,1,0,0,1,1,0,0,1,1,0,1,0,1,0,1,0,0,1,
1,2,0,0,,0,1,1,1,1,0,0,1,1,1,0,0,1,0,0,1,1,0,1,0,1,0,
1,3,0,0,,1,0,0,0,1,1,0,0,1,1,1,0,1,0,1,0,1,0,0,0,0,0,
1,4,0,0,,1,1,1,0,0,1,0,0,1,1,0,1,1,0,1,0,1,0,0,1,0,1,
1,5,0,0,,1,1,1,0,1,0,0,1,1,0,1,1,1,1,0,1,1,0,0,1,1,0,
1,6,0,0,,0,0,1,0,1,1,0,0,0,0,1,1,1,0,0,1,1,1,1,0,0,0,
1,7,0,0,,1,1,1,0,0,0,0,0,1,0,1,1,1,0,1,1,1,0,0,1,0,0,
Generation,Solution No.,before normarized,After normarized,,Gene row
1,0,0,0,,0,1,1,0,1,0,1,0,0,1,0,1,1,0,0,1,0,1,1,1,1,0,
1,1,0,0,,1,1,0,1,1,0,0,1,1,0,0,1,1,0,1,0,1,0,1,0,0,1,
1,2,0,0,,0,1,1,1,1,0,0,1,1,1,0,0,1,0,0,1,1,0,1,0,1,0,
1,3,0,0,,1,0,0,0,1,1,0,0,1,1,1,0,1,0,1,0,1,0,0,0,0,0,
1,4,0,0,,1,1,1,0,0,1,0,0,1,1,0,1,1,0,1,0,1,0,0,1,0,1,
1,5,0,0,,1,1,1,0,1,0,0,1,1,0,1,1,1,1,0,1,1,0,0,1,1,0,
1,6,0,0,,0,0,1,0,1,1,0,0,0,0,1,1,1,0,0,1,1,1,1,0,0,0,
1,7,0,0,,1,1,1,0,0,0,0,0,1,0,1,1,1,0,1,1,1,0,0,1,0,0,
Generation,Solution No.,before normarized,After normarized,,Gene row
1,0,0,0,,0,1,1,0,1,0,1,0,0,1,0,1,1,0,0,1,0,1,1,1,1,0,
1,1,0,0,,1,1,0,1,1,0,0,1,1,0,0,1,1,0,1,0,1,0,1,0,0,1,
1,2,0,0,,0,1,1,1,1,0,0,1,1,1,0,0,1,0,0,1,1,0,1,0,1,0,
1,3,0,0,,1,0,0,0,1,1,0,0,1,1,1,0,1,0,1,0,1,0,0,0,0,0,
1,4,0,0,,1,1,1,0,0,1,0,0,1,1,0,1,1,0,1,0,1,0,0,1,0,1,
1,5,0,0,,1,1,1,0,1,0,0,1,1,0,1,1,1,1,0,1,1,0,0,1,1,0,
1,6,0,0,,0,0,1,0,1,1,0,0,0,0,1,1,1,0,0,1,1,1,1,0,0,0,
1,7,0,0,,1,1,1,0,0,0,0,0,1,0,1,1,1,0,1,1,1,0,0,1,0,0,
Generation,Solution No.,before normarized,After normarized,,Gene row
1,0,0,0,,0,1,1,0,1,0,1,0,0,1,0,1,1,0,0,1,0,1,1,1,1,0,
1,1,0,0,,1,1,0,1,1,0,0,1,1,0,0,1,1,0,1,0,1,0,1,0,0,1,
1,2,0,0,,0,1,1,1,1,0,0,1,1,1,0,0,1,0,0,1,1,0,1,0,1,0,
1,3,0,0,,1,0,0,0,1,1,0,0,1,1,1,0,1,0,1,0,1,0,0,0,0,0,
1,4,0,0,,1,1,1,0,0,1,0,0,1,1,0,1,1,0,1,0,1,0,0,1,0,1,
1,5,0,0,,1,1,1,0,1,0,0,1,1,0,1,1,1,1,0,1,1,0,0,1,1,0,
1,6,0,0,,0,0,1,0,1,1,0,0,0,0,1,1,1,0,0,1,1,1,1,0,0,0,
1,7,0,0,,1,1,1,0,0,0,0,0,1,0,1,1,1,0,1,1,1,0,0,1,0,0,
Generation,Solution No.,before normarized,After normarized,,Gene row
1,0,0,0,,0,1,1,0,1,0,1,0,0,1,0,1,1,0,0,1,0,1,1,1,1,0,
1,1,0,0,,1,1,0,1,1,0,0,1,1,0,0,1,1,0,1,0,1,0,1,0,0,1,
1,2,0,0,,0,1,1,1,1,0,0,1,1,1,0,0,1,0,0,1,1,0,1,0,1,0,
1,3,0,0,,1,0,0,0,1,1,0,0,1,1,1,0,1,0,1,0,1,0,0,0,0,0,
1,4,0,0,,1,1,1,0,0,1,0,0,1,1,0,1,1,0,1,0,1,0,0,1,0,1,
1,5,0,0,,1,1,1,0,1,0,0,1,1,0,1,1,1,1,0,1,1,0,0,1,1,0,
1,6,0,0,,0,0,1,0,1,1,0,0,0,0,1,1,1,0,0,1,1,1,1,0,0,0,
1,7,0,0,,1,1,1,0,0,0,0,0,1,0,1,1,1,0,1,1,1,0,0,1,0,0,
Generation,Solution No.,before normarized,After normarized,,Gene row
1,0,0,0,,0,1,1,0,1,0,1,0,0,1,0,1,1,0,0,1,0,1,1,1,1,0,
1,1,0,0,,1,1,0,1,1,0,0,1,1,0,0,1,1,0,1,0,1,0,1,0,0,1,
1,2,0,0,,0,1,1,1,1,0,0,1,1,1,0,0,1,0,0,1,1,0,1,0,1,0,
1,3,0,0,,1,0,0,0,1,1,0,0,1,1,1,0,1,0,1,0,1,0,0,0,0,0,
1,4,0,0,,1,1,1,0,0,1,0,0,1,1,0,1,1,0,1,0,1,0,0,1,0,1,
1,5,0,0,,1,1,1,0,1,0,0,1,1,0,1,1,1,1,0,1,1,0,0,1,1,0,
1,6,0,0,,0,0,1,0,1,1,0,0,0,0,1,1,1,0,0,1,1,1,1,0,0,0,
1,7,0,0,,1,1,1,0,0,0,0,0,1,0,1,1,1,0,1,1,1,0,0,1,0,0,
Generation,Solution No.,before normarized,After normarized,,Gene row
1,0,0,0,,0,1,1,0,1,0,1,0,0,1,0,1,1,0,0,1,0,1,1,1,1,0,
1,1,0,0,,1,1,0,1,1,0,0,1,1,0,0,1,1,0,1,0,1,0,1,0,0,1,
1,2,0,0,,0,1,1,1,1,0,0,1,1,1,0,0,1,0,0,1,1,0,1,0,1,0,
1,3,0,0,,1,0,0,0,1,1,0,0,1,1,1,0,1,0,1,0,1,0,0,0,0,0,
1,4,0,0,,1,1,1,0,0,1,0,0,1,1,0,1,1,0,1,0,1,0,0,1,0,1,
1,5,0,0,,1,1,1,0,1,0,0,1,1,0,1,1,1,1,0,1,1,0,0,1,1,0,
1,6,0,0,,0,0,1,0,1,1,0,0,0,0,1,1,1,0,0,1,1,1,1,0,0,0,
1,7,0,0,,1,1,1,0,0,0,0,0,1,0,1,1,1,0,1,1,1,0,0,1,0,0,
Generation,Solution No.,before normarized,After normarized,,Gene row
1,0,0,0,,0,1,1,0,1,0,1,0,0,1,0,1,1,0,0,1,0,1,1,1,1,0,
1,1,0,0,,1,1,0,1,1,0,0,1,1,0,0,1,1,0,1,0,1,0,1,0,0,1,
1,2,0,0,,0,1,1,1,1,0,0,1,1,1,0,0,1,0,0,1,1,0,1,0,1,0,
1,3,0,0,,1,0,0,0,1,1,0,0,1,1,1,0,1,0,1,0,1,0,0,0,0,0,
1,4,0,0,,1,1,1,0,0,1,0,0,1,1,0,1,1,0,1,0,1,0,0,1,0,1,
1,5,0,0,,1,1,1,0,1,0,0,1,1,0,1,1,1,1,0,1,1,0,0,1,1,0,
1,6,0,0,,0,0,1,0,1,1,0,0,0,0,1,1,1,0,0,1,1,1,1,0,0,0,
1,7,0,0,,1,1,1,0,0,0,0,0,1,0,1,1,1,0,1,1,1,0,0,1,0,0,
Generation,Solution No.,before normarized,After normarized,,Gene row
1,0,0,0,,0,1,1,0,1,0,1,0,0,1,0,1,1,0,0,1,0,1,1,1,1,0,
1,1,0,0,,1,1,0,1,1,0,0,1,1,0,0,1,1,0,1,0,1,0,1,0,0,1,
1,2,0,0,,0,1,1,1,1,0,0,1,1,1,0,0,1,0,0,1,1,0,1,0,1,0,
1,3,0,0,,1,0,0,0,1,1,0,0,1,1,1,0,1,0,1,0,1,0,0,0,0,0,
1,4,0,0,,1,1,1,0,0,1,0,0,1,1,0,1,1,0,1,0,1,0,0,1,0,1,
1,5,0,0,,1,1,1,0,1,0,0,1,1,0,1,1,1,1,0,1,1,0,0,1,1,0,
1,6,0,0,,0,0,1,0,1,1,0,0,0,0,1,1,1,0,0,1,1,1,1,0,0,0,
1,7,0,0,,1,1,1,0,0,0,0,0,1,0,1,1,1,0,1,1,1,0,0,1,0,0,
Generation,Solution No.,before normarized,After normarized,,Gene row
1,0,0,0,,0,1,1,0,1,0,1,0,0,1,0,1,1,0,0,1,0,1,1,1,1,0,
1,1,0,0,,1,1,0,1,1,0,0,1,1,0,0,1,1,0,1,0,1,0,1,0,0,1,
1,2,0,0,,0,1,1,1,1,0,0,1,1,1,0,0,1,0,0,1,1,0,1,0,1,0,
1,3,0,0,,1,0,0,0,1,1,0,0,1,1,1,0,1,0,1,0,1,0,0,0,0,0,
1,4,0,0,,1,1,1,0,0,1,0,0,1,1,0,1,1,0,1,0,1,0,0,1,0,1,
1,5,0,0,,1,1,1,0,1,0,0,1,1,0,1,1,1,1,0,1,1,0,0,1,1,0,
1,6,0,0,,0,0,1,0,1,1,0,0,0,0,1,1,1,0,0,1,1,1,1,0,0,0,
1,7,0,0,,1,1,1,0,0,0,0,0,1,0,1,1,1,0,1,1,1,0,0,1,0,0,
Generation,Solution No.,before normarized,After normarized,,Gene row
1,0,0,0,,0,1,1,0,1,0,1,0,0,1,0,1,1,0,0,1,0,1,1,1,1,0,
1,1,0,0,,1,1,0,1,1,0,0,1,1,0,0,1,1,0,1,0,1,0,1,0,0,1,
1,2,0,0,,0,1,1,1,1,0,0,1,1,1,0,0,1,0,0,1,1,0,1,0,1,0,
1,3,0,0,,1,0,0,0,1,1,0,0,1,1,1,0,1,0,1,0,1,0,0,0,0,0,
1,4,0,0,,1,1,1,0,0,1,0,0,1,1,0,1,1,0,1,0,1,0,0,1,0,1,
1,5,0,0,,1,1,1,0,1,0,0,1,1,0,1,1,1,1,0,1,1,0,0,1,1,0,
1,6,0,0,,0,0,1,0,1,1,0,0,0,0,1,1,1,0,0,1,1,1,1,0,0,0,
1,7,0,0,,1,1,1,0,0,0,0,0,1,0,1,1,1,0,1,1,1,0,0,1,0,0,
Generation,Solution No.,before normarized,After normarized,,Gene row
1,0,0,0,,0,1,1,0,1,0,1,0,0,1,0,1,1,0,0,1,0,1,1,1,1,0,
1,1,0,0,,1,1,0,1,1,0,0,1,1,0,0,1,1,0,1,0,1,0,1,0,0,1,
1,2,0,0,,0,1,1,1,1,0,0,1,1,1,0,0,1,0,0,1,1,0,1,0,1,0,
1,3,0,0,,1,0,0,0,1,1,0,0,1,1,1,0,1,0,1,0,1,0,0,0,0,0,
1,4,0,0,,1,1,1,0,0,1,0,0,1,1,0,1,1,0,1,0,1,0,0,1,0,1,
1,5,0,0,,1,1,1,0,1,0,0,1,1,0,1,1,1,1,0,1,1,0,0,1,1,0,
1,6,0,0,,0,0,1,0,1,1,0,0,0,0,1,1,1,0,0,1,1,1,1,0,0,0,
1,7,0,0,,1,1,1,0,0,0,0,0,1,0,1,1,1,0,1,1,1,0,0,1,0,0,
Generation,Solution No.,before normarized,After normarized,,Gene row
1,0,0,0,,0,1,1,0,1,0,1,0,0,1,0,1,1,0,0,1,0,1,1,1,1,0,
1,1,0,0,,1,1,0,1,1,0,0,1,1,0,0,1,1,0,1,0,1,0,1,0,0,1,
1,2,0,0,,0,1,1,1,1,0,0,1,1,1,0,0,1,0,0,1,1,0,1,0,1,0,
1,3,0,0,,1,0,0,0,1,1,0,0,1,1,1,0,1,0,1,0,1,0,0,0,0,0,
1,4,0,0,,1,1,1,0,0,1,0,0,1,1,0,1,1,0,1,0,1,0,0,1,0,1,
1,5,0,0,,1,1,1,0,1,0,0,1,1,0,1,1,1,1,0,1,1,0,0,1,1,0,
1,6,0,0,,0,0,1,0,1,1,0,0,0,0,1,1,1,0,0,1,1,1,1,0,0,0,
1,7,0,0,,1,1,1,0,0,0,0,0,1,0,1,1,1,0,1,1,1,0,0,1,0,0,
Generation,Solution No.,before normarized,After normarized,,Gene row
1,0,0,0,,0,1,1,0,1,0,1,0,0,1,0,1,1,0,0,1,0,1,1,1,1,0,
1,1,0,0,,1,1,0,1,1,0,0,1,1,0,0,1,1,0,1,0,1,0,1,0,0,1,
1,2,0,0,,0,1,1,1,1,0,0,1,1,1,0,0,1,0,0,1,1,0,1,0,1,0,
1,3,0,0,,1,0,0,0,1,1,0,0,1,1,1,0,1,0,1,0,1,0,0,0,0,0,
1,4,0,0,,1,1,1,0,0,1,0,0,1,1,0,1,1,0,1,0,1,0,0,1,0,1,
1,5,0,0,,1,1,1,0,1,0,0,1,1,0,1,1,1,1,0,1,1,0,0,1,1,0,
1,6,0,0,,0,0,1,0,1,1,0,0,0,0,1,1,1,0,0,1,1,1,1,0,0,0,
1,7,0,0,,1,1,1,0,0,0,0,0,1,0,1,1,1,0,1,1,1,0,0,1,0,0,
Generation,Solution No.,before normarized,After normarized,,Gene row
1,0,0,0,,0,1,1,0,1,0,1,0,0,1,0,1,1,0,0,1,0,1,1,1,1,0,
1,1,0,0,,1,1,0,1,1,0,0,1,1,0,0,1,1,0,1,0,1,0,1,0,0,1,
1,2,0,0,,0,1,1,1,1,0,0,1,1,1,0,0,1,0,0,1,1,0,1,0,1,0,
1,3,0,0,,1,0,0,0,1,1,0,0,1,1,1,0,1,0,1,0,1,0,0,0,0,0,
1,4,0,0,,1,1,1,0,0,1,0,0,1,1,0,1,1,0,1,0,1,0,0,1,0,1,
1,5,0,0,,1,1,1,0,1,0,0,1,1,0,1,1,1,1,0,1,1,0,0,1,1,0,
1,6,0,0,,0,0,1,0,1,1,0,0,0,0,1,1,1,0,0,1,1,1,1,0,0,0,
1,7,0,0,,1,1,1,0,0,0,0,0,1,0,1,1,1,0,1,1,1,0,0,1,0,0,
Generation,Solution No.,before normarized,After normarized,,Gene row
1,0,0,0,,0,1,1,0,1,0,1,0,0,1,0,1,1,0,0,1,0,1,1,1,1,0,
1,1,0,0,,1,1,0,1,1,0,0,1,1,0,0,1,1,0,1,0,1,0,1,0,0,1,
1,2,0,0,,0,1,1,1,1,0,0,1,1,1,0,0,1,0,0,1,1,0,1,0,1,0,
1,3,0,0,,1,0,0,0,1,1,0,0,1,1,1,0,1,0,1,0,1,0,0,0,0,0,
1,4,0,0,,1,1,1,0,0,1,0,0,1,1,0,1,1,0,1,0,1,0,0,1,0,1,
1,5,0,0,,1,1,1,0,1,0,0,1,1,0,1,1,1,1,0,1,1,0,0,1,1,0,
1,6,0,0,,0,0,1,0,1,1,0,0,0,0,1,1,1,0,0,1,1,1,1,0,0,0,
1,7,0,0,,1,1,1,0,0,0,0,0,1,0,1,1,1,0,1,1,1,0,0,1,0,0,
Generation,Solution No.,before normarized,After normarized,,Gene row
1,0,0,0,,0,1,1,0,1,0,1,0,0,1,0,1,1,0,0,1,0,1,1,1,1,0,
1,1,0,0,,1,1,0,1,1,0,0,1,1,0,0,1,1,0,1,0,1,0,1,0,0,1,
1,2,0,0,,0,1,1,1,1,0,0,1,1,1,0,0,1,0,0,1,1,0,1,0,1,0,
1,3,0,0,,1,0,0,0,1,1,0,0,1,1,1,0,1,0,1,0,1,0,0,0,0,0,
1,4,0,0,,1,1,1,0,0,1,0,0,1,1,0,1,1,0,1,0,1,0,0,1,0,1,
1,5,0,0,,1,1,1,0,1,0,0,1,1,0,1,1,1,1,0,1,1,0,0,1,1,0,
1,6,0,0,,0,0,1,0,1,1,0,0,0,0,1,1,1,0,0,1,1,1,1,0,0,0,
1,7,0,0,,1,1,1,0,0,0,0,0,1,0,1,1,1,0,1,1,1,0,0,1,0,0,
Generation,Solution No.,before normarized,After normarized,,Gene row
1,0,0,0,,0,1,1,0,1,0,1,0,0,1,0,1,1,0,0,1,0,1,1,1,1,0,
1,1,0,0,,1,1,0,1,1,0,0,1,1,0,0,1,1,0,1,0,1,0,1,0,0,1,
1,2,0,0,,0,1,1,1,1,0,0,1,1,1,0,0,1,0,0,1,1,0,1,0,1,0,
1,3,0,0,,1,0,0,0,1,1,0,0,1,1,1,0,1,0,1,0,1,0,0,0,0,0,
1,4,0,0,,1,1,1,0,0,1,0,0,1,1,0,1,1,0,1,0,1,0,0,1,0,1,
1,5,0,0,,1,1,1,0,1,0,0,1,1,0,1,1,1,1,0,1,1,0,0,1,1,0,
1,6,0,0,,0,0,1,0,1,1,0,0,0,0,1,1,1,0,0,1,1,1,1,0,0,0,
1,7,0,0,,1,1,1,0,0,0,0,0,1,0,1,1,1,0,1,1,1,0,0,1,0,0,
Generation,Solution No.,before normarized,After normarized,,Gene row
1,0,0,0,,0,1,1,0,1,0,1,0,0,1,0,1,1,0,0,1,0,1,1,1,1,0,
1,1,0,0,,1,1,0,1,1,0,0,1,1,0,0,1,1,0,1,0,1,0,1,0,0,1,
1,2,0,0,,0,1,1,1,1,0,0,1,1,1,0,0,1,0,0,1,1,0,1,0,1,0,
1,3,0,0,,1,0,0,0,1,1,0,0,1,1,1,0,1,0,1,0,1,0,0,0,0,0,
1,4,0,0,,1,1,1,0,0,1,0,0,1,1,0,1,1,0,1,0,1,0,0,1,0,1,
1,5,0,0,,1,1,1,0,1,0,0,1,1,0,1,1,1,1,0,1,1,0,0,1,1,0,
1,6,0,0,,0,0,1,0,1,1,0,0,0,0,1,1,1,0,0,1,1,1,1,0,0,0,
1,7,0,0,,1,1,1,0,0,0,0,0,1,0,1,1,1,0,1,1,1,0,0,1,0,0,
Generation,Solution No.,before normarized,After normarized,,Gene row
1,0,0,0,,0,1,1,0,1,0,1,0,0,1,0,1,1,0,0,1,0,1,1,1,1,0,
1,1,0,0,,1,1,0,1,1,0,0,1,1,0,0,1,1,0,1,0,1,0,1,0,0,1,
1,2,0,0,,0,1,1,1,1,0,0,1,1,1,0,0,1,0,0,1,1,0,1,0,1,0,
1,3,0,0,,1,0,0,0,1,1,0,0,1,1,1,0,1,0,1,0,1,0,0,0,0,0,
1,4,0,0,,1,1,1,0,0,1,0,0,1,1,0,1,1,0,1,0,1,0,0,1,0,1,
1,5,0,0,,1,1,1,0,1,0,0,1,1,0,1,1,1,1,0,1,1,0,0,1,1,0,
1,6,0,0,,0,0,1,0,1,1,0,0,0,0,1,1,1,0,0,1,1,1,1,0,0,0,
1,7,0,0,,1,1,1,0,0,0,0,0,1,0,1,1,1,0,1,1,1,0,0,1,0,0,
Generation,Solution No.,before normarized,After normarized,,Gene row
1,0,0,0,,0,1,1,0,1,0,1,0,0,1,0,1,1,0,0,1,0,1,1,1,1,0,
1,1,0,0,,1,1,0,1,1,0,0,1,1,0,0,1,1,0,1,0,1,0,1,0,0,1,
1,2,0,0,,0,1,1,1,1,0,0,1,1,1,0,0,1,0,0,1,1,0,1,0,1,0,
1,3,0,0,,1,0,0,0,1,1,0,0,1,1,1,0,1,0,1,0,1,0,0,0,0,0,
1,4,0,0,,1,1,1,0,0,1,0,0,1,1,0,1,1,0,1,0,1,0,0,1,0,1,
1,5,0,0,,1,1,1,0,1,0,0,1,1,0,1,1,1,1,0,1,1,0,0,1,1,0,
1,6,0,0,,0,0,1,0,1,1,0,0,0,0,1,1,1,0,0,1,1,1,1,0,0,0,
1,7,0,0,,1,1,1,0,0,0,0,0,1,0,1,1,1,0,1,1,1,0,0,1,0,0,
Generation,Solution No.,before normarized,After normarized,,Gene row
1,0,0,0,,0,1,1,0,1,0,1,0,0,1,0,1,1,0,0,1,0,1,1,1,1,0,
1,1,0,0,,1,1,0,1,1,0,0,1,1,0,0,1,1,0,1,0,1,0,1,0,0,1,
1,2,0,0,,0,1,1,1,1,0,0,1,1,1,0,0,1,0,0,1,1,0,1,0,1,0,
1,3,0,0,,1,0,0,0,1,1,0,0,1,1,1,0,1,0,1,0,1,0,0,0,0,0,
1,4,0,0,,1,1,1,0,0,1,0,0,1,1,0,1,1,0,1,0,1,0,0,1,0,1,
1,5,0,0,,1,1,1,0,1,0,0,1,1,0,1,1,1,1,0,1,1,0,0,1,1,0,
1,6,0,0,,0,0,1,0,1,1,0,0,0,0,1,1,1,0,0,1,1,1,1,0,0,0,
1,7,0,0,,1,1,1,0,0,0,0,0,1,0,1,1,1,0,1,1,1,0,0,1,0,0,
Generation,Solution No.,before normarized,After normarized,,Gene row
1,0,0,0,,0,1,1,0,1,0,1,0,0,1,0,1,1,0,0,1,0,1,1,1,1,0,
1,1,0,0,,1,1,0,1,1,0,0,1,1,0,0,1,1,0,1,0,1,0,1,0,0,1,
1,2,0,0,,0,1,1,1,1,0,0,1,1,1,0,0,1,0,0,1,1,0,1,0,1,0,
1,3,0,0,,1,0,0,0,1,1,0,0,1,1,1,0,1,0,1,0,1,0,0,0,0,0,
1,4,0,0,,1,1,1,0,0,1,0,0,1,1,0,1,1,0,1,0,1,0,0,1,0,1,
1,5,0,0,,1,1,1,0,1,0,0,1,1,0,1,1,1,1,0,1,1,0,0,1,1,0,
1,6,0,0,,0,0,1,0,1,1,0,0,0,0,1,1,1,0,0,1,1,1,1,0,0,0,
1,7,0,0,,1,1,1,0,0,0,0,0,1,0,1,1,1,0,1,1,1,0,0,1,0,0,
Generation,Solution No.,before normarized,After normarized,,Gene row
1,0,0,0,,0,1,1,0,1,0,1,0,0,1,0,1,1,0,0,1,0,1,1,1,1,0,
1,1,0,0,,1,1,0,1,1,0,0,1,1,0,0,1,1,0,1,0,1,0,1,0,0,1,
1,2,0,0,,0,1,1,1,1,0,0,1,1,1,0,0,1,0,0,1,1,0,1,0,1,0,
1,3,0,0,,1,0,0,0,1,1,0,0,1,1,1,0,1,0,1,0,1,0,0,0,0,0,
1,4,0,0,,1,1,1,0,0,1,0,0,1,1,0,1,1,0,1,0,1,0,0,1,0,1,
1,5,0,0,,1,1,1,0,1,0,0,1,1,0,1,1,1,1,0,1,1,0,0,1,1,0,
1,6,0,0,,0,0,1,0,1,1,0,0,0,0,1,1,1,0,0,1,1,1,1,0,0,0,
1,7,0,0,,1,1,1,0,0,0,0,0,1,0,1,1,1,0,1,1,1,0,0,1,0,0,
Generation,Solution No.,before normarized,After normarized,,Gene row
1,0,0,0,,0,1,1,0,1,0,1,0,0,1,0,1,1,0,0,1,0,1,1,1,1,0,
1,1,0,0,,1,1,0,1,1,0,0,1,1,0,0,1,1,0,1,0,1,0,1,0,0,1,
1,2,0,0,,0,1,1,1,1,0,0,1,1,1,0,0,1,0,0,1,1,0,1,0,1,0,
1,3,0,0,,1,0,0,0,1,1,0,0,1,1,1,0,1,0,1,0,1,0,0,0,0,0,
1,4,0,0,,1,1,1,0,0,1,0,0,1,1,0,1,1,0,1,0,1,0,0,1,0,1,
1,5,0,0,,1,1,1,0,1,0,0,1,1,0,1,1,1,1,0,1,1,0,0,1,1,0,
1,6,0,0,,0,0,1,0,1,1,0,0,0,0,1,1,1,0,0,1,1,1,1,0,0,0,
1,7,0,0,,1,1,1,0,0,0,0,0,1,0,1,1,1,0,1,1,1,0,0,1,0,0,
